,104,Ward,Alderperson,Start Date,End Date,Party,Notes,Clean Ward,Start Year,End Year,End Year for Fill
0,1st,,,,,,,,,,
1,Proco Joe Moreno,,,,,,,,,,
2,"March 26, 2010",,,,,,,,,,
3,"May 20, 2019",,,,,,,,,,
4,Democratic,,,,,,,,,,
5,,,,,,,,,,,
6,1,,,,,,,,,,
7,2010,,,,,,,,,,
8,2019.0,,,,,,,,,,
9,2019.0,,,,,,,,,,
10,,2010.0,Proco Joe Moreno,"March 26, 2010","May 20, 2019",Democratic,,1,2010.0,2019.0,2010.0
11,,2010.0,Proco Joe Moreno,"March 26, 2010","May 20, 2019",Democratic,,1,2010.0,2019.0,2011.0
12,,2010.0,Proco Joe Moreno,"March 26, 2010","May 20, 2019",Democratic,,1,2010.0,2019.0,2012.0
13,,2010.0,Proco Joe Moreno,"March 26, 2010","May 20, 2019",Democratic,,1,2010.0,2019.0,2013.0
14,,2010.0,Proco Joe Moreno,"March 26, 2010","May 20, 2019",Democratic,,1,2010.0,2019.0,2014.0
15,,2010.0,Proco Joe Moreno,"March 26, 2010","May 20, 2019",Democratic,,1,2010.0,2019.0,2015.0
16,,2010.0,Proco Joe Moreno,"March 26, 2010","May 20, 2019",Democratic,,1,2010.0,2019.0,2016.0
17,,2010.0,Proco Joe Moreno,"March 26, 2010","May 20, 2019",Democratic,,1,2010.0,2019.0,2017.0
18,,2010.0,Proco Joe Moreno,"March 26, 2010","May 20, 2019",Democratic,,1,2010.0,2019.0,2018.0
19,,2010.0,Proco Joe Moreno,"March 26, 2010","May 20, 2019",Democratic,,1,2010.0,2019.0,2019.0
20,,2019.0,Daniel La Spata,"May 20, 2019",present,Democratic,,1,2019.0,,2019.0
21,,2019.0,Daniel La Spata,"May 20, 2019",present,Democratic,,1,2019.0,,2020.0
22,,2019.0,Daniel La Spata,"May 20, 2019",present,Democratic,,1,2019.0,,2021.0
23,,2019.0,Daniel La Spata,"May 20, 2019",present,Democratic,,1,2019.0,,2022.0
24,,2019.0,Daniel La Spata,"May 20, 2019",present,Democratic,,1,2019.0,,2023.0
25,,2015.0,Susan Sadlowski Garza,"May 18, 2015","May 15, 2023",,,10,2015.0,2023.0,2015.0
26,,2015.0,Susan Sadlowski Garza,"May 18, 2015","May 15, 2023",,,10,2015.0,2023.0,2016.0
27,,2015.0,Susan Sadlowski Garza,"May 18, 2015","May 15, 2023",,,10,2015.0,2023.0,2017.0
28,,2015.0,Susan Sadlowski Garza,"May 18, 2015","May 15, 2023",,,10,2015.0,2023.0,2018.0
29,,2015.0,Susan Sadlowski Garza,"May 18, 2015","May 15, 2023",,,10,2015.0,2023.0,2019.0
30,,2015.0,Susan Sadlowski Garza,"May 18, 2015","May 15, 2023",,,10,2015.0,2023.0,2020.0
31,,2015.0,Susan Sadlowski Garza,"May 18, 2015","May 15, 2023",,,10,2015.0,2023.0,2021.0
32,,2015.0,Susan Sadlowski Garza,"May 18, 2015","May 15, 2023",,,10,2015.0,2023.0,2022.0
33,,2015.0,Susan Sadlowski Garza,"May 18, 2015","May 15, 2023",,,10,2015.0,2023.0,2023.0
34,,1999.0,John Pope,May 1999,May 2015,,,10,1999.0,2015.0,1999.0
35,,1999.0,John Pope,May 1999,May 2015,,,10,1999.0,2015.0,2000.0
36,,1999.0,John Pope,May 1999,May 2015,,,10,1999.0,2015.0,2001.0
37,,1999.0,John Pope,May 1999,May 2015,,,10,1999.0,2015.0,2002.0
38,,1999.0,John Pope,May 1999,May 2015,,,10,1999.0,2015.0,2003.0
39,,1999.0,John Pope,May 1999,May 2015,,,10,1999.0,2015.0,2004.0
40,,1999.0,John Pope,May 1999,May 2015,,,10,1999.0,2015.0,2005.0
41,,1999.0,John Pope,May 1999,May 2015,,,10,1999.0,2015.0,2006.0
42,,1999.0,John Pope,May 1999,May 2015,,,10,1999.0,2015.0,2007.0
43,,1999.0,John Pope,May 1999,May 2015,,,10,1999.0,2015.0,2008.0
44,,1999.0,John Pope,May 1999,May 2015,,,10,1999.0,2015.0,2009.0
45,,1999.0,John Pope,May 1999,May 2015,,,10,1999.0,2015.0,2010.0
46,,1999.0,John Pope,May 1999,May 2015,,,10,1999.0,2015.0,2011.0
47,,1999.0,John Pope,May 1999,May 2015,,,10,1999.0,2015.0,2012.0
48,,1999.0,John Pope,May 1999,May 2015,,,10,1999.0,2015.0,2013.0
49,,1999.0,John Pope,May 1999,May 2015,,,10,1999.0,2015.0,2014.0
50,,1999.0,John Pope,May 1999,May 2015,,,10,1999.0,2015.0,2015.0
51,,2015.0,Patrick Daley Thompson,"May 18, 2015","February 14, 2022",,,11,2015.0,2022.0,2015.0
52,,2015.0,Patrick Daley Thompson,"May 18, 2015","February 14, 2022",,,11,2015.0,2022.0,2016.0
53,,2015.0,Patrick Daley Thompson,"May 18, 2015","February 14, 2022",,,11,2015.0,2022.0,2017.0
54,,2015.0,Patrick Daley Thompson,"May 18, 2015","February 14, 2022",,,11,2015.0,2022.0,2018.0
55,,2015.0,Patrick Daley Thompson,"May 18, 2015","February 14, 2022",,,11,2015.0,2022.0,2019.0
56,,2015.0,Patrick Daley Thompson,"May 18, 2015","February 14, 2022",,,11,2015.0,2022.0,2020.0
57,,2015.0,Patrick Daley Thompson,"May 18, 2015","February 14, 2022",,,11,2015.0,2022.0,2021.0
58,,2015.0,Patrick Daley Thompson,"May 18, 2015","February 14, 2022",,,11,2015.0,2022.0,2022.0
59,,1997.0,James Balcer,1997,2015,,,11,1997.0,2015.0,1997.0
60,,1997.0,James Balcer,1997,2015,,,11,1997.0,2015.0,1998.0
61,,1997.0,James Balcer,1997,2015,,,11,1997.0,2015.0,1999.0
62,,1997.0,James Balcer,1997,2015,,,11,1997.0,2015.0,2000.0
63,,1997.0,James Balcer,1997,2015,,,11,1997.0,2015.0,2001.0
64,,1997.0,James Balcer,1997,2015,,,11,1997.0,2015.0,2002.0
65,,1997.0,James Balcer,1997,2015,,,11,1997.0,2015.0,2003.0
66,,1997.0,James Balcer,1997,2015,,,11,1997.0,2015.0,2004.0
67,,1997.0,James Balcer,1997,2015,,,11,1997.0,2015.0,2005.0
68,,1997.0,James Balcer,1997,2015,,,11,1997.0,2015.0,2006.0
69,,1997.0,James Balcer,1997,2015,,,11,1997.0,2015.0,2007.0
70,,1997.0,James Balcer,1997,2015,,,11,1997.0,2015.0,2008.0
71,,1997.0,James Balcer,1997,2015,,,11,1997.0,2015.0,2009.0
72,,1997.0,James Balcer,1997,2015,,,11,1997.0,2015.0,2010.0
73,,1997.0,James Balcer,1997,2015,,,11,1997.0,2015.0,2011.0
74,,1997.0,James Balcer,1997,2015,,,11,1997.0,2015.0,2012.0
75,,1997.0,James Balcer,1997,2015,,,11,1997.0,2015.0,2013.0
76,,1997.0,James Balcer,1997,2015,,,11,1997.0,2015.0,2014.0
77,,1997.0,James Balcer,1997,2015,,,11,1997.0,2015.0,2015.0
78,,2022.0,Nicole Lee,"March 28, 2022",present,,,11,2022.0,,2022.0
79,,2022.0,Nicole Lee,"March 28, 2022",present,,,11,2022.0,,2023.0
80,,2003.0,George Cardenas,2003,2022,,,12,2003.0,2022.0,2003.0
81,,2003.0,George Cardenas,2003,2022,,,12,2003.0,2022.0,2004.0
82,,2003.0,George Cardenas,2003,2022,,,12,2003.0,2022.0,2005.0
83,,2003.0,George Cardenas,2003,2022,,,12,2003.0,2022.0,2006.0
84,,2003.0,George Cardenas,2003,2022,,,12,2003.0,2022.0,2007.0
85,,2003.0,George Cardenas,2003,2022,,,12,2003.0,2022.0,2008.0
86,,2003.0,George Cardenas,2003,2022,,,12,2003.0,2022.0,2009.0
87,,2003.0,George Cardenas,2003,2022,,,12,2003.0,2022.0,2010.0
88,,2003.0,George Cardenas,2003,2022,,,12,2003.0,2022.0,2011.0
89,,2003.0,George Cardenas,2003,2022,,,12,2003.0,2022.0,2012.0
90,,2003.0,George Cardenas,2003,2022,,,12,2003.0,2022.0,2013.0
91,,2003.0,George Cardenas,2003,2022,,,12,2003.0,2022.0,2014.0
92,,2003.0,George Cardenas,2003,2022,,,12,2003.0,2022.0,2015.0
93,,2003.0,George Cardenas,2003,2022,,,12,2003.0,2022.0,2016.0
94,,2003.0,George Cardenas,2003,2022,,,12,2003.0,2022.0,2017.0
95,,2003.0,George Cardenas,2003,2022,,,12,2003.0,2022.0,2018.0
96,,2003.0,George Cardenas,2003,2022,,,12,2003.0,2022.0,2019.0
97,,2003.0,George Cardenas,2003,2022,,,12,2003.0,2022.0,2020.0
98,,2003.0,George Cardenas,2003,2022,,,12,2003.0,2022.0,2021.0
99,,2003.0,George Cardenas,2003,2022,,,12,2003.0,2022.0,2022.0
100,,2022.0,Anabel Abarca,"December 14, 2022","May 15, 2023",,,12,2022.0,2023.0,2022.0
101,,2022.0,Anabel Abarca,"December 14, 2022","May 15, 2023",,,12,2022.0,2023.0,2023.0
102,,2023.0,Julia Ramirez,"May 15, 2023",present,,,12,2023.0,,2023.0
103,,2011.0,Marty Quinn,May 2011,present,,,13,2011.0,,2011.0
104,,2011.0,Marty Quinn,May 2011,present,,,13,2011.0,,2012.0
105,,2011.0,Marty Quinn,May 2011,present,,,13,2011.0,,2013.0
106,,2011.0,Marty Quinn,May 2011,present,,,13,2011.0,,2014.0
107,,2011.0,Marty Quinn,May 2011,present,,,13,2011.0,,2015.0
108,,2011.0,Marty Quinn,May 2011,present,,,13,2011.0,,2016.0
109,,2011.0,Marty Quinn,May 2011,present,,,13,2011.0,,2017.0
110,,2011.0,Marty Quinn,May 2011,present,,,13,2011.0,,2018.0
111,,2011.0,Marty Quinn,May 2011,present,,,13,2011.0,,2019.0
112,,2011.0,Marty Quinn,May 2011,present,,,13,2011.0,,2020.0
113,,2011.0,Marty Quinn,May 2011,present,,,13,2011.0,,2021.0
114,,2011.0,Marty Quinn,May 2011,present,,,13,2011.0,,2022.0
115,,2011.0,Marty Quinn,May 2011,present,,,13,2011.0,,2023.0
116,,1969.0,Edward M. Burke,"March 14, 1969",Present,Democratic,,14,1969.0,,1969.0
117,,1969.0,Edward M. Burke,"March 14, 1969",Present,Democratic,,14,1969.0,,1970.0
118,,1969.0,Edward M. Burke,"March 14, 1969",Present,Democratic,,14,1969.0,,1971.0
119,,1969.0,Edward M. Burke,"March 14, 1969",Present,Democratic,,14,1969.0,,1972.0
120,,1969.0,Edward M. Burke,"March 14, 1969",Present,Democratic,,14,1969.0,,1973.0
121,,1969.0,Edward M. Burke,"March 14, 1969",Present,Democratic,,14,1969.0,,1974.0
122,,1969.0,Edward M. Burke,"March 14, 1969",Present,Democratic,,14,1969.0,,1975.0
123,,1969.0,Edward M. Burke,"March 14, 1969",Present,Democratic,,14,1969.0,,1976.0
124,,1969.0,Edward M. Burke,"March 14, 1969",Present,Democratic,,14,1969.0,,1977.0
125,,1969.0,Edward M. Burke,"March 14, 1969",Present,Democratic,,14,1969.0,,1978.0
126,,1969.0,Edward M. Burke,"March 14, 1969",Present,Democratic,,14,1969.0,,1979.0
127,,1969.0,Edward M. Burke,"March 14, 1969",Present,Democratic,,14,1969.0,,1980.0
128,,1969.0,Edward M. Burke,"March 14, 1969",Present,Democratic,,14,1969.0,,1981.0
129,,1969.0,Edward M. Burke,"March 14, 1969",Present,Democratic,,14,1969.0,,1982.0
130,,1969.0,Edward M. Burke,"March 14, 1969",Present,Democratic,,14,1969.0,,1983.0
131,,1969.0,Edward M. Burke,"March 14, 1969",Present,Democratic,,14,1969.0,,1984.0
132,,1969.0,Edward M. Burke,"March 14, 1969",Present,Democratic,,14,1969.0,,1985.0
133,,1969.0,Edward M. Burke,"March 14, 1969",Present,Democratic,,14,1969.0,,1986.0
134,,1969.0,Edward M. Burke,"March 14, 1969",Present,Democratic,,14,1969.0,,1987.0
135,,1969.0,Edward M. Burke,"March 14, 1969",Present,Democratic,,14,1969.0,,1988.0
136,,1969.0,Edward M. Burke,"March 14, 1969",Present,Democratic,,14,1969.0,,1989.0
137,,1969.0,Edward M. Burke,"March 14, 1969",Present,Democratic,,14,1969.0,,1990.0
138,,1969.0,Edward M. Burke,"March 14, 1969",Present,Democratic,,14,1969.0,,1991.0
139,,1969.0,Edward M. Burke,"March 14, 1969",Present,Democratic,,14,1969.0,,1992.0
140,,1969.0,Edward M. Burke,"March 14, 1969",Present,Democratic,,14,1969.0,,1993.0
141,,1969.0,Edward M. Burke,"March 14, 1969",Present,Democratic,,14,1969.0,,1994.0
142,,1969.0,Edward M. Burke,"March 14, 1969",Present,Democratic,,14,1969.0,,1995.0
143,,1969.0,Edward M. Burke,"March 14, 1969",Present,Democratic,,14,1969.0,,1996.0
144,,1969.0,Edward M. Burke,"March 14, 1969",Present,Democratic,,14,1969.0,,1997.0
145,,1969.0,Edward M. Burke,"March 14, 1969",Present,Democratic,,14,1969.0,,1998.0
146,,1969.0,Edward M. Burke,"March 14, 1969",Present,Democratic,,14,1969.0,,1999.0
147,,1969.0,Edward M. Burke,"March 14, 1969",Present,Democratic,,14,1969.0,,2000.0
148,,1969.0,Edward M. Burke,"March 14, 1969",Present,Democratic,,14,1969.0,,2001.0
149,,1969.0,Edward M. Burke,"March 14, 1969",Present,Democratic,,14,1969.0,,2002.0
150,,1969.0,Edward M. Burke,"March 14, 1969",Present,Democratic,,14,1969.0,,2003.0
151,,1969.0,Edward M. Burke,"March 14, 1969",Present,Democratic,,14,1969.0,,2004.0
152,,1969.0,Edward M. Burke,"March 14, 1969",Present,Democratic,,14,1969.0,,2005.0
153,,1969.0,Edward M. Burke,"March 14, 1969",Present,Democratic,,14,1969.0,,2006.0
154,,1969.0,Edward M. Burke,"March 14, 1969",Present,Democratic,,14,1969.0,,2007.0
155,,1969.0,Edward M. Burke,"March 14, 1969",Present,Democratic,,14,1969.0,,2008.0
156,,1969.0,Edward M. Burke,"March 14, 1969",Present,Democratic,,14,1969.0,,2009.0
157,,1969.0,Edward M. Burke,"March 14, 1969",Present,Democratic,,14,1969.0,,2010.0
158,,1969.0,Edward M. Burke,"March 14, 1969",Present,Democratic,,14,1969.0,,2011.0
159,,1969.0,Edward M. Burke,"March 14, 1969",Present,Democratic,,14,1969.0,,2012.0
160,,1969.0,Edward M. Burke,"March 14, 1969",Present,Democratic,,14,1969.0,,2013.0
161,,1969.0,Edward M. Burke,"March 14, 1969",Present,Democratic,,14,1969.0,,2014.0
162,,1969.0,Edward M. Burke,"March 14, 1969",Present,Democratic,,14,1969.0,,2015.0
163,,1969.0,Edward M. Burke,"March 14, 1969",Present,Democratic,,14,1969.0,,2016.0
164,,1969.0,Edward M. Burke,"March 14, 1969",Present,Democratic,,14,1969.0,,2017.0
165,,1969.0,Edward M. Burke,"March 14, 1969",Present,Democratic,,14,1969.0,,2018.0
166,,1969.0,Edward M. Burke,"March 14, 1969",Present,Democratic,,14,1969.0,,2019.0
167,,1969.0,Edward M. Burke,"March 14, 1969",Present,Democratic,,14,1969.0,,2020.0
168,,1969.0,Edward M. Burke,"March 14, 1969",Present,Democratic,,14,1969.0,,2021.0
169,,1969.0,Edward M. Burke,"March 14, 1969",Present,Democratic,,14,1969.0,,2022.0
170,,1969.0,Edward M. Burke,"March 14, 1969",Present,Democratic,,14,1969.0,,2023.0
171,,2015.0,Toni Foulkes,2015,2019,,,15,2015.0,2019.0,2015.0
172,,2015.0,Toni Foulkes,2015,2019,,,15,2015.0,2019.0,2016.0
173,,2015.0,Toni Foulkes,2015,2019,,,15,2015.0,2019.0,2017.0
174,,2015.0,Toni Foulkes,2015,2019,,,15,2015.0,2019.0,2018.0
175,,2015.0,Toni Foulkes,2015,2019,,,15,2015.0,2019.0,2019.0
176,,2015.0,Raymond Lopez,"May 18, 2015",present,,,15,2015.0,,2015.0
177,,2015.0,Raymond Lopez,"May 18, 2015",present,,,15,2015.0,,2016.0
178,,2015.0,Raymond Lopez,"May 18, 2015",present,,,15,2015.0,,2017.0
179,,2015.0,Raymond Lopez,"May 18, 2015",present,,,15,2015.0,,2018.0
180,,2015.0,Raymond Lopez,"May 18, 2015",present,,,15,2015.0,,2019.0
181,,2015.0,Raymond Lopez,"May 18, 2015",present,,,15,2015.0,,2020.0
182,,2015.0,Raymond Lopez,"May 18, 2015",present,,,15,2015.0,,2021.0
183,,2015.0,Raymond Lopez,"May 18, 2015",present,,,15,2015.0,,2022.0
184,,2015.0,Raymond Lopez,"May 18, 2015",present,,,15,2015.0,,2023.0
185,,2015.0,Toni Foulkes,2015,2019,,,16,2015.0,2019.0,2015.0
186,,2015.0,Toni Foulkes,2015,2019,,,16,2015.0,2019.0,2016.0
187,,2015.0,Toni Foulkes,2015,2019,,,16,2015.0,2019.0,2017.0
188,,2015.0,Toni Foulkes,2015,2019,,,16,2015.0,2019.0,2018.0
189,,2015.0,Toni Foulkes,2015,2019,,,16,2015.0,2019.0,2019.0
190,,2019.0,Stephanie Coleman,"May 20, 2019",present,,,16,2019.0,,2019.0
191,,2019.0,Stephanie Coleman,"May 20, 2019",present,,,16,2019.0,,2020.0
192,,2019.0,Stephanie Coleman,"May 20, 2019",present,,,16,2019.0,,2021.0
193,,2019.0,Stephanie Coleman,"May 20, 2019",present,,,16,2019.0,,2022.0
194,,2019.0,Stephanie Coleman,"May 20, 2019",present,,,16,2019.0,,2023.0
195,,2015.0,David H. Moore,"May 18, 2015",present,,,17,2015.0,,2015.0
196,,2015.0,David H. Moore,"May 18, 2015",present,,,17,2015.0,,2016.0
197,,2015.0,David H. Moore,"May 18, 2015",present,,,17,2015.0,,2017.0
198,,2015.0,David H. Moore,"May 18, 2015",present,,,17,2015.0,,2018.0
199,,2015.0,David H. Moore,"May 18, 2015",present,,,17,2015.0,,2019.0
200,,2015.0,David H. Moore,"May 18, 2015",present,,,17,2015.0,,2020.0
201,,2015.0,David H. Moore,"May 18, 2015",present,,,17,2015.0,,2021.0
202,,2015.0,David H. Moore,"May 18, 2015",present,,,17,2015.0,,2022.0
203,,2015.0,David H. Moore,"May 18, 2015",present,,,17,2015.0,,2023.0
204,,2000.0,Latasha Thomas,2000,2015,,,17,2000.0,2015.0,2000.0
205,,2000.0,Latasha Thomas,2000,2015,,,17,2000.0,2015.0,2001.0
206,,2000.0,Latasha Thomas,2000,2015,,,17,2000.0,2015.0,2002.0
207,,2000.0,Latasha Thomas,2000,2015,,,17,2000.0,2015.0,2003.0
208,,2000.0,Latasha Thomas,2000,2015,,,17,2000.0,2015.0,2004.0
209,,2000.0,Latasha Thomas,2000,2015,,,17,2000.0,2015.0,2005.0
210,,2000.0,Latasha Thomas,2000,2015,,,17,2000.0,2015.0,2006.0
211,,2000.0,Latasha Thomas,2000,2015,,,17,2000.0,2015.0,2007.0
212,,2000.0,Latasha Thomas,2000,2015,,,17,2000.0,2015.0,2008.0
213,,2000.0,Latasha Thomas,2000,2015,,,17,2000.0,2015.0,2009.0
214,,2000.0,Latasha Thomas,2000,2015,,,17,2000.0,2015.0,2010.0
215,,2000.0,Latasha Thomas,2000,2015,,,17,2000.0,2015.0,2011.0
216,,2000.0,Latasha Thomas,2000,2015,,,17,2000.0,2015.0,2012.0
217,,2000.0,Latasha Thomas,2000,2015,,,17,2000.0,2015.0,2013.0
218,,2000.0,Latasha Thomas,2000,2015,,,17,2000.0,2015.0,2014.0
219,,2000.0,Latasha Thomas,2000,2015,,,17,2000.0,2015.0,2015.0
220,,2015.0,Derrick Curtis,"May 18, 2015",present,,,18,2015.0,,2015.0
221,,2015.0,Derrick Curtis,"May 18, 2015",present,,,18,2015.0,,2016.0
222,,2015.0,Derrick Curtis,"May 18, 2015",present,,,18,2015.0,,2017.0
223,,2015.0,Derrick Curtis,"May 18, 2015",present,,,18,2015.0,,2018.0
224,,2015.0,Derrick Curtis,"May 18, 2015",present,,,18,2015.0,,2019.0
225,,2015.0,Derrick Curtis,"May 18, 2015",present,,,18,2015.0,,2020.0
226,,2015.0,Derrick Curtis,"May 18, 2015",present,,,18,2015.0,,2021.0
227,,2015.0,Derrick Curtis,"May 18, 2015",present,,,18,2015.0,,2022.0
228,,2015.0,Derrick Curtis,"May 18, 2015",present,,,18,2015.0,,2023.0
229,,2011.0,Matthew O'Shea,2011,present,Democratic,,19,2011.0,,2011.0
230,,2011.0,Matthew O'Shea,2011,present,Democratic,,19,2011.0,,2012.0
231,,2011.0,Matthew O'Shea,2011,present,Democratic,,19,2011.0,,2013.0
232,,2011.0,Matthew O'Shea,2011,present,Democratic,,19,2011.0,,2014.0
233,,2011.0,Matthew O'Shea,2011,present,Democratic,,19,2011.0,,2015.0
234,,2011.0,Matthew O'Shea,2011,present,Democratic,,19,2011.0,,2016.0
235,,2011.0,Matthew O'Shea,2011,present,Democratic,,19,2011.0,,2017.0
236,,2011.0,Matthew O'Shea,2011,present,Democratic,,19,2011.0,,2018.0
237,,2011.0,Matthew O'Shea,2011,present,Democratic,,19,2011.0,,2019.0
238,,2011.0,Matthew O'Shea,2011,present,Democratic,,19,2011.0,,2020.0
239,,2011.0,Matthew O'Shea,2011,present,Democratic,,19,2011.0,,2021.0
240,,2011.0,Matthew O'Shea,2011,present,Democratic,,19,2011.0,,2022.0
241,,2011.0,Matthew O'Shea,2011,present,Democratic,,19,2011.0,,2023.0
242,,2015.0,Brian K. Hopkins,May 2015,present,Democratic,,2,2015.0,,2015.0
243,,2015.0,Brian K. Hopkins,May 2015,present,Democratic,,2,2015.0,,2016.0
244,,2015.0,Brian K. Hopkins,May 2015,present,Democratic,,2,2015.0,,2017.0
245,,2015.0,Brian K. Hopkins,May 2015,present,Democratic,,2,2015.0,,2018.0
246,,2015.0,Brian K. Hopkins,May 2015,present,Democratic,,2,2015.0,,2019.0
247,,2015.0,Brian K. Hopkins,May 2015,present,Democratic,,2,2015.0,,2020.0
248,,2015.0,Brian K. Hopkins,May 2015,present,Democratic,,2,2015.0,,2021.0
249,,2015.0,Brian K. Hopkins,May 2015,present,Democratic,,2,2015.0,,2022.0
250,,2015.0,Brian K. Hopkins,May 2015,present,Democratic,,2,2015.0,,2023.0
251,,2007.0,Robert Fioretti,"May 21, 2007",May 2015,Democratic,,2,2007.0,2015.0,2007.0
252,,2007.0,Robert Fioretti,"May 21, 2007",May 2015,Democratic,,2,2007.0,2015.0,2008.0
253,,2007.0,Robert Fioretti,"May 21, 2007",May 2015,Democratic,,2,2007.0,2015.0,2009.0
254,,2007.0,Robert Fioretti,"May 21, 2007",May 2015,Democratic,,2,2007.0,2015.0,2010.0
255,,2007.0,Robert Fioretti,"May 21, 2007",May 2015,Democratic,,2,2007.0,2015.0,2011.0
256,,2007.0,Robert Fioretti,"May 21, 2007",May 2015,Democratic,,2,2007.0,2015.0,2012.0
257,,2007.0,Robert Fioretti,"May 21, 2007",May 2015,Democratic,,2,2007.0,2015.0,2013.0
258,,2007.0,Robert Fioretti,"May 21, 2007",May 2015,Democratic,,2,2007.0,2015.0,2014.0
259,,2007.0,Robert Fioretti,"May 21, 2007",May 2015,Democratic,,2,2007.0,2015.0,2015.0
260,,2007.0,Willie Cochran,2007,2019,,,20,2007.0,2019.0,2007.0
261,,2007.0,Willie Cochran,2007,2019,,,20,2007.0,2019.0,2008.0
262,,2007.0,Willie Cochran,2007,2019,,,20,2007.0,2019.0,2009.0
263,,2007.0,Willie Cochran,2007,2019,,,20,2007.0,2019.0,2010.0
264,,2007.0,Willie Cochran,2007,2019,,,20,2007.0,2019.0,2011.0
265,,2007.0,Willie Cochran,2007,2019,,,20,2007.0,2019.0,2012.0
266,,2007.0,Willie Cochran,2007,2019,,,20,2007.0,2019.0,2013.0
267,,2007.0,Willie Cochran,2007,2019,,,20,2007.0,2019.0,2014.0
268,,2007.0,Willie Cochran,2007,2019,,,20,2007.0,2019.0,2015.0
269,,2007.0,Willie Cochran,2007,2019,,,20,2007.0,2019.0,2016.0
270,,2007.0,Willie Cochran,2007,2019,,,20,2007.0,2019.0,2017.0
271,,2007.0,Willie Cochran,2007,2019,,,20,2007.0,2019.0,2018.0
272,,2007.0,Willie Cochran,2007,2019,,,20,2007.0,2019.0,2019.0
273,,2019.0,Jeanette Taylor,"May 20, 2019",present,,,20,2019.0,,2019.0
274,,2019.0,Jeanette Taylor,"May 20, 2019",present,,,20,2019.0,,2020.0
275,,2019.0,Jeanette Taylor,"May 20, 2019",present,,,20,2019.0,,2021.0
276,,2019.0,Jeanette Taylor,"May 20, 2019",present,,,20,2019.0,,2022.0
277,,2019.0,Jeanette Taylor,"May 20, 2019",present,,,20,2019.0,,2023.0
278,,2003.0,Howard Brookins Jr.,May 2003,"May 15, 2023",,,21,2003.0,2023.0,2003.0
279,,2003.0,Howard Brookins Jr.,May 2003,"May 15, 2023",,,21,2003.0,2023.0,2004.0
280,,2003.0,Howard Brookins Jr.,May 2003,"May 15, 2023",,,21,2003.0,2023.0,2005.0
281,,2003.0,Howard Brookins Jr.,May 2003,"May 15, 2023",,,21,2003.0,2023.0,2006.0
282,,2003.0,Howard Brookins Jr.,May 2003,"May 15, 2023",,,21,2003.0,2023.0,2007.0
283,,2003.0,Howard Brookins Jr.,May 2003,"May 15, 2023",,,21,2003.0,2023.0,2008.0
284,,2003.0,Howard Brookins Jr.,May 2003,"May 15, 2023",,,21,2003.0,2023.0,2009.0
285,,2003.0,Howard Brookins Jr.,May 2003,"May 15, 2023",,,21,2003.0,2023.0,2010.0
286,,2003.0,Howard Brookins Jr.,May 2003,"May 15, 2023",,,21,2003.0,2023.0,2011.0
287,,2003.0,Howard Brookins Jr.,May 2003,"May 15, 2023",,,21,2003.0,2023.0,2012.0
288,,2003.0,Howard Brookins Jr.,May 2003,"May 15, 2023",,,21,2003.0,2023.0,2013.0
289,,2003.0,Howard Brookins Jr.,May 2003,"May 15, 2023",,,21,2003.0,2023.0,2014.0
290,,2003.0,Howard Brookins Jr.,May 2003,"May 15, 2023",,,21,2003.0,2023.0,2015.0
291,,2003.0,Howard Brookins Jr.,May 2003,"May 15, 2023",,,21,2003.0,2023.0,2016.0
292,,2003.0,Howard Brookins Jr.,May 2003,"May 15, 2023",,,21,2003.0,2023.0,2017.0
293,,2003.0,Howard Brookins Jr.,May 2003,"May 15, 2023",,,21,2003.0,2023.0,2018.0
294,,2003.0,Howard Brookins Jr.,May 2003,"May 15, 2023",,,21,2003.0,2023.0,2019.0
295,,2003.0,Howard Brookins Jr.,May 2003,"May 15, 2023",,,21,2003.0,2023.0,2020.0
296,,2003.0,Howard Brookins Jr.,May 2003,"May 15, 2023",,,21,2003.0,2023.0,2021.0
297,,2003.0,Howard Brookins Jr.,May 2003,"May 15, 2023",,,21,2003.0,2023.0,2022.0
298,,2003.0,Howard Brookins Jr.,May 2003,"May 15, 2023",,,21,2003.0,2023.0,2023.0
299,,1993.0,Ricardo Muñoz,January 1993,"May 20, 2019",,,22,1993.0,2019.0,1993.0
300,,1993.0,Ricardo Muñoz,January 1993,"May 20, 2019",,,22,1993.0,2019.0,1994.0
301,,1993.0,Ricardo Muñoz,January 1993,"May 20, 2019",,,22,1993.0,2019.0,1995.0
302,,1993.0,Ricardo Muñoz,January 1993,"May 20, 2019",,,22,1993.0,2019.0,1996.0
303,,1993.0,Ricardo Muñoz,January 1993,"May 20, 2019",,,22,1993.0,2019.0,1997.0
304,,1993.0,Ricardo Muñoz,January 1993,"May 20, 2019",,,22,1993.0,2019.0,1998.0
305,,1993.0,Ricardo Muñoz,January 1993,"May 20, 2019",,,22,1993.0,2019.0,1999.0
306,,1993.0,Ricardo Muñoz,January 1993,"May 20, 2019",,,22,1993.0,2019.0,2000.0
307,,1993.0,Ricardo Muñoz,January 1993,"May 20, 2019",,,22,1993.0,2019.0,2001.0
308,,1993.0,Ricardo Muñoz,January 1993,"May 20, 2019",,,22,1993.0,2019.0,2002.0
309,,1993.0,Ricardo Muñoz,January 1993,"May 20, 2019",,,22,1993.0,2019.0,2003.0
310,,1993.0,Ricardo Muñoz,January 1993,"May 20, 2019",,,22,1993.0,2019.0,2004.0
311,,1993.0,Ricardo Muñoz,January 1993,"May 20, 2019",,,22,1993.0,2019.0,2005.0
312,,1993.0,Ricardo Muñoz,January 1993,"May 20, 2019",,,22,1993.0,2019.0,2006.0
313,,1993.0,Ricardo Muñoz,January 1993,"May 20, 2019",,,22,1993.0,2019.0,2007.0
314,,1993.0,Ricardo Muñoz,January 1993,"May 20, 2019",,,22,1993.0,2019.0,2008.0
315,,1993.0,Ricardo Muñoz,January 1993,"May 20, 2019",,,22,1993.0,2019.0,2009.0
316,,1993.0,Ricardo Muñoz,January 1993,"May 20, 2019",,,22,1993.0,2019.0,2010.0
317,,1993.0,Ricardo Muñoz,January 1993,"May 20, 2019",,,22,1993.0,2019.0,2011.0
318,,1993.0,Ricardo Muñoz,January 1993,"May 20, 2019",,,22,1993.0,2019.0,2012.0
319,,1993.0,Ricardo Muñoz,January 1993,"May 20, 2019",,,22,1993.0,2019.0,2013.0
320,,1993.0,Ricardo Muñoz,January 1993,"May 20, 2019",,,22,1993.0,2019.0,2014.0
321,,1993.0,Ricardo Muñoz,January 1993,"May 20, 2019",,,22,1993.0,2019.0,2015.0
322,,1993.0,Ricardo Muñoz,January 1993,"May 20, 2019",,,22,1993.0,2019.0,2016.0
323,,1993.0,Ricardo Muñoz,January 1993,"May 20, 2019",,,22,1993.0,2019.0,2017.0
324,,1993.0,Ricardo Muñoz,January 1993,"May 20, 2019",,,22,1993.0,2019.0,2018.0
325,,1993.0,Ricardo Muñoz,January 1993,"May 20, 2019",,,22,1993.0,2019.0,2019.0
326,,2019.0,Michael D. Rodriguez,"May 20, 2019",present,,,22,2019.0,,2019.0
327,,2019.0,Michael D. Rodriguez,"May 20, 2019",present,,,22,2019.0,,2020.0
328,,2019.0,Michael D. Rodriguez,"May 20, 2019",present,,,22,2019.0,,2021.0
329,,2019.0,Michael D. Rodriguez,"May 20, 2019",present,,,22,2019.0,,2022.0
330,,2019.0,Michael D. Rodriguez,"May 20, 2019",present,,,22,2019.0,,2023.0
331,,1995.0,Michael R. Zalewski,May 1995,"May 31, 2018",,,23,1995.0,2018.0,1995.0
332,,1995.0,Michael R. Zalewski,May 1995,"May 31, 2018",,,23,1995.0,2018.0,1996.0
333,,1995.0,Michael R. Zalewski,May 1995,"May 31, 2018",,,23,1995.0,2018.0,1997.0
334,,1995.0,Michael R. Zalewski,May 1995,"May 31, 2018",,,23,1995.0,2018.0,1998.0
335,,1995.0,Michael R. Zalewski,May 1995,"May 31, 2018",,,23,1995.0,2018.0,1999.0
336,,1995.0,Michael R. Zalewski,May 1995,"May 31, 2018",,,23,1995.0,2018.0,2000.0
337,,1995.0,Michael R. Zalewski,May 1995,"May 31, 2018",,,23,1995.0,2018.0,2001.0
338,,1995.0,Michael R. Zalewski,May 1995,"May 31, 2018",,,23,1995.0,2018.0,2002.0
339,,1995.0,Michael R. Zalewski,May 1995,"May 31, 2018",,,23,1995.0,2018.0,2003.0
340,,1995.0,Michael R. Zalewski,May 1995,"May 31, 2018",,,23,1995.0,2018.0,2004.0
341,,1995.0,Michael R. Zalewski,May 1995,"May 31, 2018",,,23,1995.0,2018.0,2005.0
342,,1995.0,Michael R. Zalewski,May 1995,"May 31, 2018",,,23,1995.0,2018.0,2006.0
343,,1995.0,Michael R. Zalewski,May 1995,"May 31, 2018",,,23,1995.0,2018.0,2007.0
344,,1995.0,Michael R. Zalewski,May 1995,"May 31, 2018",,,23,1995.0,2018.0,2008.0
345,,1995.0,Michael R. Zalewski,May 1995,"May 31, 2018",,,23,1995.0,2018.0,2009.0
346,,1995.0,Michael R. Zalewski,May 1995,"May 31, 2018",,,23,1995.0,2018.0,2010.0
347,,1995.0,Michael R. Zalewski,May 1995,"May 31, 2018",,,23,1995.0,2018.0,2011.0
348,,1995.0,Michael R. Zalewski,May 1995,"May 31, 2018",,,23,1995.0,2018.0,2012.0
349,,1995.0,Michael R. Zalewski,May 1995,"May 31, 2018",,,23,1995.0,2018.0,2013.0
350,,1995.0,Michael R. Zalewski,May 1995,"May 31, 2018",,,23,1995.0,2018.0,2014.0
351,,1995.0,Michael R. Zalewski,May 1995,"May 31, 2018",,,23,1995.0,2018.0,2015.0
352,,1995.0,Michael R. Zalewski,May 1995,"May 31, 2018",,,23,1995.0,2018.0,2016.0
353,,1995.0,Michael R. Zalewski,May 1995,"May 31, 2018",,,23,1995.0,2018.0,2017.0
354,,1995.0,Michael R. Zalewski,May 1995,"May 31, 2018",,,23,1995.0,2018.0,2018.0
355,,2018.0,Silvana Tabares,"June 28, 2018",present,,,23,2018.0,,2018.0
356,,2018.0,Silvana Tabares,"June 28, 2018",present,,,23,2018.0,,2019.0
357,,2018.0,Silvana Tabares,"June 28, 2018",present,,,23,2018.0,,2020.0
358,,2018.0,Silvana Tabares,"June 28, 2018",present,,,23,2018.0,,2021.0
359,,2018.0,Silvana Tabares,"June 28, 2018",present,,,23,2018.0,,2022.0
360,,2018.0,Silvana Tabares,"June 28, 2018",present,,,23,2018.0,,2023.0
361,,2015.0,Michael Scott Jr.,"May 18, 2015","June 3, 2022",,,24,2015.0,2022.0,2015.0
362,,2015.0,Michael Scott Jr.,"May 18, 2015","June 3, 2022",,,24,2015.0,2022.0,2016.0
363,,2015.0,Michael Scott Jr.,"May 18, 2015","June 3, 2022",,,24,2015.0,2022.0,2017.0
364,,2015.0,Michael Scott Jr.,"May 18, 2015","June 3, 2022",,,24,2015.0,2022.0,2018.0
365,,2015.0,Michael Scott Jr.,"May 18, 2015","June 3, 2022",,,24,2015.0,2022.0,2019.0
366,,2015.0,Michael Scott Jr.,"May 18, 2015","June 3, 2022",,,24,2015.0,2022.0,2020.0
367,,2015.0,Michael Scott Jr.,"May 18, 2015","June 3, 2022",,,24,2015.0,2022.0,2021.0
368,,2015.0,Michael Scott Jr.,"May 18, 2015","June 3, 2022",,,24,2015.0,2022.0,2022.0
369,,1996.0,Daniel Solis,1996,2019,Democratic,,25,1996.0,2019.0,1996.0
370,,1996.0,Daniel Solis,1996,2019,Democratic,,25,1996.0,2019.0,1997.0
371,,1996.0,Daniel Solis,1996,2019,Democratic,,25,1996.0,2019.0,1998.0
372,,1996.0,Daniel Solis,1996,2019,Democratic,,25,1996.0,2019.0,1999.0
373,,1996.0,Daniel Solis,1996,2019,Democratic,,25,1996.0,2019.0,2000.0
374,,1996.0,Daniel Solis,1996,2019,Democratic,,25,1996.0,2019.0,2001.0
375,,1996.0,Daniel Solis,1996,2019,Democratic,,25,1996.0,2019.0,2002.0
376,,1996.0,Daniel Solis,1996,2019,Democratic,,25,1996.0,2019.0,2003.0
377,,1996.0,Daniel Solis,1996,2019,Democratic,,25,1996.0,2019.0,2004.0
378,,1996.0,Daniel Solis,1996,2019,Democratic,,25,1996.0,2019.0,2005.0
379,,1996.0,Daniel Solis,1996,2019,Democratic,,25,1996.0,2019.0,2006.0
380,,1996.0,Daniel Solis,1996,2019,Democratic,,25,1996.0,2019.0,2007.0
381,,1996.0,Daniel Solis,1996,2019,Democratic,,25,1996.0,2019.0,2008.0
382,,1996.0,Daniel Solis,1996,2019,Democratic,,25,1996.0,2019.0,2009.0
383,,1996.0,Daniel Solis,1996,2019,Democratic,,25,1996.0,2019.0,2010.0
384,,1996.0,Daniel Solis,1996,2019,Democratic,,25,1996.0,2019.0,2011.0
385,,1996.0,Daniel Solis,1996,2019,Democratic,,25,1996.0,2019.0,2012.0
386,,1996.0,Daniel Solis,1996,2019,Democratic,,25,1996.0,2019.0,2013.0
387,,1996.0,Daniel Solis,1996,2019,Democratic,,25,1996.0,2019.0,2014.0
388,,1996.0,Daniel Solis,1996,2019,Democratic,,25,1996.0,2019.0,2015.0
389,,1996.0,Daniel Solis,1996,2019,Democratic,,25,1996.0,2019.0,2016.0
390,,1996.0,Daniel Solis,1996,2019,Democratic,,25,1996.0,2019.0,2017.0
391,,1996.0,Daniel Solis,1996,2019,Democratic,,25,1996.0,2019.0,2018.0
392,,1996.0,Daniel Solis,1996,2019,Democratic,,25,1996.0,2019.0,2019.0
393,,2019.0,Byron Sigcho-Lopez,2019,present,Democratic,,25,2019.0,,2019.0
394,,2019.0,Byron Sigcho-Lopez,2019,present,Democratic,,25,2019.0,,2020.0
395,,2019.0,Byron Sigcho-Lopez,2019,present,Democratic,,25,2019.0,,2021.0
396,,2019.0,Byron Sigcho-Lopez,2019,present,Democratic,,25,2019.0,,2022.0
397,,2019.0,Byron Sigcho-Lopez,2019,present,Democratic,,25,2019.0,,2023.0
398,,2009.0,Roberto Maldonado,2009,present,Democratic,,26,2009.0,,2009.0
399,,2009.0,Roberto Maldonado,2009,present,Democratic,,26,2009.0,,2010.0
400,,2009.0,Roberto Maldonado,2009,present,Democratic,,26,2009.0,,2011.0
401,,2009.0,Roberto Maldonado,2009,present,Democratic,,26,2009.0,,2012.0
402,,2009.0,Roberto Maldonado,2009,present,Democratic,,26,2009.0,,2013.0
403,,2009.0,Roberto Maldonado,2009,present,Democratic,,26,2009.0,,2014.0
404,,2009.0,Roberto Maldonado,2009,present,Democratic,,26,2009.0,,2015.0
405,,2009.0,Roberto Maldonado,2009,present,Democratic,,26,2009.0,,2016.0
406,,2009.0,Roberto Maldonado,2009,present,Democratic,,26,2009.0,,2017.0
407,,2009.0,Roberto Maldonado,2009,present,Democratic,,26,2009.0,,2018.0
408,,2009.0,Roberto Maldonado,2009,present,Democratic,,26,2009.0,,2019.0
409,,2009.0,Roberto Maldonado,2009,present,Democratic,,26,2009.0,,2020.0
410,,2009.0,Roberto Maldonado,2009,present,Democratic,,26,2009.0,,2021.0
411,,2009.0,Roberto Maldonado,2009,present,Democratic,,26,2009.0,,2022.0
412,,2009.0,Roberto Maldonado,2009,present,Democratic,,26,2009.0,,2023.0
413,,1995.0,Walter Burnett Jr.,May 1995,present,Democratic,,27,1995.0,,1995.0
414,,1995.0,Walter Burnett Jr.,May 1995,present,Democratic,,27,1995.0,,1996.0
415,,1995.0,Walter Burnett Jr.,May 1995,present,Democratic,,27,1995.0,,1997.0
416,,1995.0,Walter Burnett Jr.,May 1995,present,Democratic,,27,1995.0,,1998.0
417,,1995.0,Walter Burnett Jr.,May 1995,present,Democratic,,27,1995.0,,1999.0
418,,1995.0,Walter Burnett Jr.,May 1995,present,Democratic,,27,1995.0,,2000.0
419,,1995.0,Walter Burnett Jr.,May 1995,present,Democratic,,27,1995.0,,2001.0
420,,1995.0,Walter Burnett Jr.,May 1995,present,Democratic,,27,1995.0,,2002.0
421,,1995.0,Walter Burnett Jr.,May 1995,present,Democratic,,27,1995.0,,2003.0
422,,1995.0,Walter Burnett Jr.,May 1995,present,Democratic,,27,1995.0,,2004.0
423,,1995.0,Walter Burnett Jr.,May 1995,present,Democratic,,27,1995.0,,2005.0
424,,1995.0,Walter Burnett Jr.,May 1995,present,Democratic,,27,1995.0,,2006.0
425,,1995.0,Walter Burnett Jr.,May 1995,present,Democratic,,27,1995.0,,2007.0
426,,1995.0,Walter Burnett Jr.,May 1995,present,Democratic,,27,1995.0,,2008.0
427,,1995.0,Walter Burnett Jr.,May 1995,present,Democratic,,27,1995.0,,2009.0
428,,1995.0,Walter Burnett Jr.,May 1995,present,Democratic,,27,1995.0,,2010.0
429,,1995.0,Walter Burnett Jr.,May 1995,present,Democratic,,27,1995.0,,2011.0
430,,1995.0,Walter Burnett Jr.,May 1995,present,Democratic,,27,1995.0,,2012.0
431,,1995.0,Walter Burnett Jr.,May 1995,present,Democratic,,27,1995.0,,2013.0
432,,1995.0,Walter Burnett Jr.,May 1995,present,Democratic,,27,1995.0,,2014.0
433,,1995.0,Walter Burnett Jr.,May 1995,present,Democratic,,27,1995.0,,2015.0
434,,1995.0,Walter Burnett Jr.,May 1995,present,Democratic,,27,1995.0,,2016.0
435,,1995.0,Walter Burnett Jr.,May 1995,present,Democratic,,27,1995.0,,2017.0
436,,1995.0,Walter Burnett Jr.,May 1995,present,Democratic,,27,1995.0,,2018.0
437,,1995.0,Walter Burnett Jr.,May 1995,present,Democratic,,27,1995.0,,2019.0
438,,1995.0,Walter Burnett Jr.,May 1995,present,Democratic,,27,1995.0,,2020.0
439,,1995.0,Walter Burnett Jr.,May 1995,present,Democratic,,27,1995.0,,2021.0
440,,1995.0,Walter Burnett Jr.,May 1995,present,Democratic,,27,1995.0,,2022.0
441,,1995.0,Walter Burnett Jr.,May 1995,present,Democratic,,27,1995.0,,2023.0
442,,2011.0,Jason Ervin,"January 13, 2011",present,,,28,2011.0,,2011.0
443,,2011.0,Jason Ervin,"January 13, 2011",present,,,28,2011.0,,2012.0
444,,2011.0,Jason Ervin,"January 13, 2011",present,,,28,2011.0,,2013.0
445,,2011.0,Jason Ervin,"January 13, 2011",present,,,28,2011.0,,2014.0
446,,2011.0,Jason Ervin,"January 13, 2011",present,,,28,2011.0,,2015.0
447,,2011.0,Jason Ervin,"January 13, 2011",present,,,28,2011.0,,2016.0
448,,2011.0,Jason Ervin,"January 13, 2011",present,,,28,2011.0,,2017.0
449,,2011.0,Jason Ervin,"January 13, 2011",present,,,28,2011.0,,2018.0
450,,2011.0,Jason Ervin,"January 13, 2011",present,,,28,2011.0,,2019.0
451,,2011.0,Jason Ervin,"January 13, 2011",present,,,28,2011.0,,2020.0
452,,2011.0,Jason Ervin,"January 13, 2011",present,,,28,2011.0,,2021.0
453,,2011.0,Jason Ervin,"January 13, 2011",present,,,28,2011.0,,2022.0
454,,2011.0,Jason Ervin,"January 13, 2011",present,,,28,2011.0,,2023.0
455,,2010.0,Deborah L. Graham,2010,2015,,,29,2010.0,2015.0,2010.0
456,,2010.0,Deborah L. Graham,2010,2015,,,29,2010.0,2015.0,2011.0
457,,2010.0,Deborah L. Graham,2010,2015,,,29,2010.0,2015.0,2012.0
458,,2010.0,Deborah L. Graham,2010,2015,,,29,2010.0,2015.0,2013.0
459,,2010.0,Deborah L. Graham,2010,2015,,,29,2010.0,2015.0,2014.0
460,,2010.0,Deborah L. Graham,2010,2015,,,29,2010.0,2015.0,2015.0
461,,2015.0,Chris Taliaferro,"May 18, 2015",present,,,29,2015.0,,2015.0
462,,2015.0,Chris Taliaferro,"May 18, 2015",present,,,29,2015.0,,2016.0
463,,2015.0,Chris Taliaferro,"May 18, 2015",present,,,29,2015.0,,2017.0
464,,2015.0,Chris Taliaferro,"May 18, 2015",present,,,29,2015.0,,2018.0
465,,2015.0,Chris Taliaferro,"May 18, 2015",present,,,29,2015.0,,2019.0
466,,2015.0,Chris Taliaferro,"May 18, 2015",present,,,29,2015.0,,2020.0
467,,2015.0,Chris Taliaferro,"May 18, 2015",present,,,29,2015.0,,2021.0
468,,2015.0,Chris Taliaferro,"May 18, 2015",present,,,29,2015.0,,2022.0
469,,2015.0,Chris Taliaferro,"May 18, 2015",present,,,29,2015.0,,2023.0
470,,2007.0,Pat Dowell,"April 27, 2007",Present,Democratic,,3,2007.0,,2007.0
471,,2007.0,Pat Dowell,"April 27, 2007",Present,Democratic,,3,2007.0,,2008.0
472,,2007.0,Pat Dowell,"April 27, 2007",Present,Democratic,,3,2007.0,,2009.0
473,,2007.0,Pat Dowell,"April 27, 2007",Present,Democratic,,3,2007.0,,2010.0
474,,2007.0,Pat Dowell,"April 27, 2007",Present,Democratic,,3,2007.0,,2011.0
475,,2007.0,Pat Dowell,"April 27, 2007",Present,Democratic,,3,2007.0,,2012.0
476,,2007.0,Pat Dowell,"April 27, 2007",Present,Democratic,,3,2007.0,,2013.0
477,,2007.0,Pat Dowell,"April 27, 2007",Present,Democratic,,3,2007.0,,2014.0
478,,2007.0,Pat Dowell,"April 27, 2007",Present,Democratic,,3,2007.0,,2015.0
479,,2007.0,Pat Dowell,"April 27, 2007",Present,Democratic,,3,2007.0,,2016.0
480,,2007.0,Pat Dowell,"April 27, 2007",Present,Democratic,,3,2007.0,,2017.0
481,,2007.0,Pat Dowell,"April 27, 2007",Present,Democratic,,3,2007.0,,2018.0
482,,2007.0,Pat Dowell,"April 27, 2007",Present,Democratic,,3,2007.0,,2019.0
483,,2007.0,Pat Dowell,"April 27, 2007",Present,Democratic,,3,2007.0,,2020.0
484,,2007.0,Pat Dowell,"April 27, 2007",Present,Democratic,,3,2007.0,,2021.0
485,,2007.0,Pat Dowell,"April 27, 2007",Present,Democratic,,3,2007.0,,2022.0
486,,2007.0,Pat Dowell,"April 27, 2007",Present,Democratic,,3,2007.0,,2023.0
487,,2003.0,Ariel Reboyras,May 2003,"May 15, 2023",,,30,2003.0,2023.0,2003.0
488,,2003.0,Ariel Reboyras,May 2003,"May 15, 2023",,,30,2003.0,2023.0,2004.0
489,,2003.0,Ariel Reboyras,May 2003,"May 15, 2023",,,30,2003.0,2023.0,2005.0
490,,2003.0,Ariel Reboyras,May 2003,"May 15, 2023",,,30,2003.0,2023.0,2006.0
491,,2003.0,Ariel Reboyras,May 2003,"May 15, 2023",,,30,2003.0,2023.0,2007.0
492,,2003.0,Ariel Reboyras,May 2003,"May 15, 2023",,,30,2003.0,2023.0,2008.0
493,,2003.0,Ariel Reboyras,May 2003,"May 15, 2023",,,30,2003.0,2023.0,2009.0
494,,2003.0,Ariel Reboyras,May 2003,"May 15, 2023",,,30,2003.0,2023.0,2010.0
495,,2003.0,Ariel Reboyras,May 2003,"May 15, 2023",,,30,2003.0,2023.0,2011.0
496,,2003.0,Ariel Reboyras,May 2003,"May 15, 2023",,,30,2003.0,2023.0,2012.0
497,,2003.0,Ariel Reboyras,May 2003,"May 15, 2023",,,30,2003.0,2023.0,2013.0
498,,2003.0,Ariel Reboyras,May 2003,"May 15, 2023",,,30,2003.0,2023.0,2014.0
499,,2003.0,Ariel Reboyras,May 2003,"May 15, 2023",,,30,2003.0,2023.0,2015.0
500,,2003.0,Ariel Reboyras,May 2003,"May 15, 2023",,,30,2003.0,2023.0,2016.0
501,,2003.0,Ariel Reboyras,May 2003,"May 15, 2023",,,30,2003.0,2023.0,2017.0
502,,2003.0,Ariel Reboyras,May 2003,"May 15, 2023",,,30,2003.0,2023.0,2018.0
503,,2003.0,Ariel Reboyras,May 2003,"May 15, 2023",,,30,2003.0,2023.0,2019.0
504,,2003.0,Ariel Reboyras,May 2003,"May 15, 2023",,,30,2003.0,2023.0,2020.0
505,,2003.0,Ariel Reboyras,May 2003,"May 15, 2023",,,30,2003.0,2023.0,2021.0
506,,2003.0,Ariel Reboyras,May 2003,"May 15, 2023",,,30,2003.0,2023.0,2022.0
507,,2003.0,Ariel Reboyras,May 2003,"May 15, 2023",,,30,2003.0,2023.0,2023.0
508,,2019.0,"Felix Cardona, Jr.","May 20, 2019",Present,N/A,,31,2019.0,,2019.0
509,,2019.0,"Felix Cardona, Jr.","May 20, 2019",Present,N/A,,31,2019.0,,2020.0
510,,2019.0,"Felix Cardona, Jr.","May 20, 2019",Present,N/A,,31,2019.0,,2021.0
511,,2019.0,"Felix Cardona, Jr.","May 20, 2019",Present,N/A,,31,2019.0,,2022.0
512,,2019.0,"Felix Cardona, Jr.","May 20, 2019",Present,N/A,,31,2019.0,,2023.0
513,,2015.0,Milly Santiago,May 2015,"May 20, 2019",N/A,,31,2015.0,2019.0,2015.0
514,,2015.0,Milly Santiago,May 2015,"May 20, 2019",N/A,,31,2015.0,2019.0,2016.0
515,,2015.0,Milly Santiago,May 2015,"May 20, 2019",N/A,,31,2015.0,2019.0,2017.0
516,,2015.0,Milly Santiago,May 2015,"May 20, 2019",N/A,,31,2015.0,2019.0,2018.0
517,,2015.0,Milly Santiago,May 2015,"May 20, 2019",N/A,,31,2015.0,2019.0,2019.0
518,,1991.0,Ray Suarez,1991,May 2015,N/A,,31,1991.0,2015.0,1991.0
519,,1991.0,Ray Suarez,1991,May 2015,N/A,,31,1991.0,2015.0,1992.0
520,,1991.0,Ray Suarez,1991,May 2015,N/A,,31,1991.0,2015.0,1993.0
521,,1991.0,Ray Suarez,1991,May 2015,N/A,,31,1991.0,2015.0,1994.0
522,,1991.0,Ray Suarez,1991,May 2015,N/A,,31,1991.0,2015.0,1995.0
523,,1991.0,Ray Suarez,1991,May 2015,N/A,,31,1991.0,2015.0,1996.0
524,,1991.0,Ray Suarez,1991,May 2015,N/A,,31,1991.0,2015.0,1997.0
525,,1991.0,Ray Suarez,1991,May 2015,N/A,,31,1991.0,2015.0,1998.0
526,,1991.0,Ray Suarez,1991,May 2015,N/A,,31,1991.0,2015.0,1999.0
527,,1991.0,Ray Suarez,1991,May 2015,N/A,,31,1991.0,2015.0,2000.0
528,,1991.0,Ray Suarez,1991,May 2015,N/A,,31,1991.0,2015.0,2001.0
529,,1991.0,Ray Suarez,1991,May 2015,N/A,,31,1991.0,2015.0,2002.0
530,,1991.0,Ray Suarez,1991,May 2015,N/A,,31,1991.0,2015.0,2003.0
531,,1991.0,Ray Suarez,1991,May 2015,N/A,,31,1991.0,2015.0,2004.0
532,,1991.0,Ray Suarez,1991,May 2015,N/A,,31,1991.0,2015.0,2005.0
533,,1991.0,Ray Suarez,1991,May 2015,N/A,,31,1991.0,2015.0,2006.0
534,,1991.0,Ray Suarez,1991,May 2015,N/A,,31,1991.0,2015.0,2007.0
535,,1991.0,Ray Suarez,1991,May 2015,N/A,,31,1991.0,2015.0,2008.0
536,,1991.0,Ray Suarez,1991,May 2015,N/A,,31,1991.0,2015.0,2009.0
537,,1991.0,Ray Suarez,1991,May 2015,N/A,,31,1991.0,2015.0,2010.0
538,,1991.0,Ray Suarez,1991,May 2015,N/A,,31,1991.0,2015.0,2011.0
539,,1991.0,Ray Suarez,1991,May 2015,N/A,,31,1991.0,2015.0,2012.0
540,,1991.0,Ray Suarez,1991,May 2015,N/A,,31,1991.0,2015.0,2013.0
541,,1991.0,Ray Suarez,1991,May 2015,N/A,,31,1991.0,2015.0,2014.0
542,,1991.0,Ray Suarez,1991,May 2015,N/A,,31,1991.0,2015.0,2015.0
543,,2007.0,Scott Waguespack,"May 20, 2007",present,Democratic,,32,2007.0,,2007.0
544,,2007.0,Scott Waguespack,"May 20, 2007",present,Democratic,,32,2007.0,,2008.0
545,,2007.0,Scott Waguespack,"May 20, 2007",present,Democratic,,32,2007.0,,2009.0
546,,2007.0,Scott Waguespack,"May 20, 2007",present,Democratic,,32,2007.0,,2010.0
547,,2007.0,Scott Waguespack,"May 20, 2007",present,Democratic,,32,2007.0,,2011.0
548,,2007.0,Scott Waguespack,"May 20, 2007",present,Democratic,,32,2007.0,,2012.0
549,,2007.0,Scott Waguespack,"May 20, 2007",present,Democratic,,32,2007.0,,2013.0
550,,2007.0,Scott Waguespack,"May 20, 2007",present,Democratic,,32,2007.0,,2014.0
551,,2007.0,Scott Waguespack,"May 20, 2007",present,Democratic,,32,2007.0,,2015.0
552,,2007.0,Scott Waguespack,"May 20, 2007",present,Democratic,,32,2007.0,,2016.0
553,,2007.0,Scott Waguespack,"May 20, 2007",present,Democratic,,32,2007.0,,2017.0
554,,2007.0,Scott Waguespack,"May 20, 2007",present,Democratic,,32,2007.0,,2018.0
555,,2007.0,Scott Waguespack,"May 20, 2007",present,Democratic,,32,2007.0,,2019.0
556,,2007.0,Scott Waguespack,"May 20, 2007",present,Democratic,,32,2007.0,,2020.0
557,,2007.0,Scott Waguespack,"May 20, 2007",present,Democratic,,32,2007.0,,2021.0
558,,2007.0,Scott Waguespack,"May 20, 2007",present,Democratic,,32,2007.0,,2022.0
559,,2007.0,Scott Waguespack,"May 20, 2007",present,Democratic,,32,2007.0,,2023.0
560,,2013.0,Deb Mell,"July 24, 2013","May 20, 2019",,,33,2013.0,2019.0,2013.0
561,,2013.0,Deb Mell,"July 24, 2013","May 20, 2019",,,33,2013.0,2019.0,2014.0
562,,2013.0,Deb Mell,"July 24, 2013","May 20, 2019",,,33,2013.0,2019.0,2015.0
563,,2013.0,Deb Mell,"July 24, 2013","May 20, 2019",,,33,2013.0,2019.0,2016.0
564,,2013.0,Deb Mell,"July 24, 2013","May 20, 2019",,,33,2013.0,2019.0,2017.0
565,,2013.0,Deb Mell,"July 24, 2013","May 20, 2019",,,33,2013.0,2019.0,2018.0
566,,2013.0,Deb Mell,"July 24, 2013","May 20, 2019",,,33,2013.0,2019.0,2019.0
567,,2019.0,Rossana Rodriguez-Sanchez,"May 20, 2019",present,,,33,2019.0,,2019.0
568,,2019.0,Rossana Rodriguez-Sanchez,"May 20, 2019",present,,,33,2019.0,,2020.0
569,,2019.0,Rossana Rodriguez-Sanchez,"May 20, 2019",present,,,33,2019.0,,2021.0
570,,2019.0,Rossana Rodriguez-Sanchez,"May 20, 2019",present,,,33,2019.0,,2022.0
571,,2019.0,Rossana Rodriguez-Sanchez,"May 20, 2019",present,,,33,2019.0,,2023.0
572,,1975.0,Richard Mell,1975,"July 24, 2013",,,33,1975.0,2013.0,1975.0
573,,1975.0,Richard Mell,1975,"July 24, 2013",,,33,1975.0,2013.0,1976.0
574,,1975.0,Richard Mell,1975,"July 24, 2013",,,33,1975.0,2013.0,1977.0
575,,1975.0,Richard Mell,1975,"July 24, 2013",,,33,1975.0,2013.0,1978.0
576,,1975.0,Richard Mell,1975,"July 24, 2013",,,33,1975.0,2013.0,1979.0
577,,1975.0,Richard Mell,1975,"July 24, 2013",,,33,1975.0,2013.0,1980.0
578,,1975.0,Richard Mell,1975,"July 24, 2013",,,33,1975.0,2013.0,1981.0
579,,1975.0,Richard Mell,1975,"July 24, 2013",,,33,1975.0,2013.0,1982.0
580,,1975.0,Richard Mell,1975,"July 24, 2013",,,33,1975.0,2013.0,1983.0
581,,1975.0,Richard Mell,1975,"July 24, 2013",,,33,1975.0,2013.0,1984.0
582,,1975.0,Richard Mell,1975,"July 24, 2013",,,33,1975.0,2013.0,1985.0
583,,1975.0,Richard Mell,1975,"July 24, 2013",,,33,1975.0,2013.0,1986.0
584,,1975.0,Richard Mell,1975,"July 24, 2013",,,33,1975.0,2013.0,1987.0
585,,1975.0,Richard Mell,1975,"July 24, 2013",,,33,1975.0,2013.0,1988.0
586,,1975.0,Richard Mell,1975,"July 24, 2013",,,33,1975.0,2013.0,1989.0
587,,1975.0,Richard Mell,1975,"July 24, 2013",,,33,1975.0,2013.0,1990.0
588,,1975.0,Richard Mell,1975,"July 24, 2013",,,33,1975.0,2013.0,1991.0
589,,1975.0,Richard Mell,1975,"July 24, 2013",,,33,1975.0,2013.0,1992.0
590,,1975.0,Richard Mell,1975,"July 24, 2013",,,33,1975.0,2013.0,1993.0
591,,1975.0,Richard Mell,1975,"July 24, 2013",,,33,1975.0,2013.0,1994.0
592,,1975.0,Richard Mell,1975,"July 24, 2013",,,33,1975.0,2013.0,1995.0
593,,1975.0,Richard Mell,1975,"July 24, 2013",,,33,1975.0,2013.0,1996.0
594,,1975.0,Richard Mell,1975,"July 24, 2013",,,33,1975.0,2013.0,1997.0
595,,1975.0,Richard Mell,1975,"July 24, 2013",,,33,1975.0,2013.0,1998.0
596,,1975.0,Richard Mell,1975,"July 24, 2013",,,33,1975.0,2013.0,1999.0
597,,1975.0,Richard Mell,1975,"July 24, 2013",,,33,1975.0,2013.0,2000.0
598,,1975.0,Richard Mell,1975,"July 24, 2013",,,33,1975.0,2013.0,2001.0
599,,1975.0,Richard Mell,1975,"July 24, 2013",,,33,1975.0,2013.0,2002.0
600,,1975.0,Richard Mell,1975,"July 24, 2013",,,33,1975.0,2013.0,2003.0
601,,1975.0,Richard Mell,1975,"July 24, 2013",,,33,1975.0,2013.0,2004.0
602,,1975.0,Richard Mell,1975,"July 24, 2013",,,33,1975.0,2013.0,2005.0
603,,1975.0,Richard Mell,1975,"July 24, 2013",,,33,1975.0,2013.0,2006.0
604,,1975.0,Richard Mell,1975,"July 24, 2013",,,33,1975.0,2013.0,2007.0
605,,1975.0,Richard Mell,1975,"July 24, 2013",,,33,1975.0,2013.0,2008.0
606,,1975.0,Richard Mell,1975,"July 24, 2013",,,33,1975.0,2013.0,2009.0
607,,1975.0,Richard Mell,1975,"July 24, 2013",,,33,1975.0,2013.0,2010.0
608,,1975.0,Richard Mell,1975,"July 24, 2013",,,33,1975.0,2013.0,2011.0
609,,1975.0,Richard Mell,1975,"July 24, 2013",,,33,1975.0,2013.0,2012.0
610,,1975.0,Richard Mell,1975,"July 24, 2013",,,33,1975.0,2013.0,2013.0
611,,2023.0,Bill Conway,"May 15, 2023",present,,,34,2023.0,,2023.0
612,,1994.0,Carrie Austin,"August 5, 1994","March 1, 2023",,,34,1994.0,2023.0,1994.0
613,,1994.0,Carrie Austin,"August 5, 1994","March 1, 2023",,,34,1994.0,2023.0,1995.0
614,,1994.0,Carrie Austin,"August 5, 1994","March 1, 2023",,,34,1994.0,2023.0,1996.0
615,,1994.0,Carrie Austin,"August 5, 1994","March 1, 2023",,,34,1994.0,2023.0,1997.0
616,,1994.0,Carrie Austin,"August 5, 1994","March 1, 2023",,,34,1994.0,2023.0,1998.0
617,,1994.0,Carrie Austin,"August 5, 1994","March 1, 2023",,,34,1994.0,2023.0,1999.0
618,,1994.0,Carrie Austin,"August 5, 1994","March 1, 2023",,,34,1994.0,2023.0,2000.0
619,,1994.0,Carrie Austin,"August 5, 1994","March 1, 2023",,,34,1994.0,2023.0,2001.0
620,,1994.0,Carrie Austin,"August 5, 1994","March 1, 2023",,,34,1994.0,2023.0,2002.0
621,,1994.0,Carrie Austin,"August 5, 1994","March 1, 2023",,,34,1994.0,2023.0,2003.0
622,,1994.0,Carrie Austin,"August 5, 1994","March 1, 2023",,,34,1994.0,2023.0,2004.0
623,,1994.0,Carrie Austin,"August 5, 1994","March 1, 2023",,,34,1994.0,2023.0,2005.0
624,,1994.0,Carrie Austin,"August 5, 1994","March 1, 2023",,,34,1994.0,2023.0,2006.0
625,,1994.0,Carrie Austin,"August 5, 1994","March 1, 2023",,,34,1994.0,2023.0,2007.0
626,,1994.0,Carrie Austin,"August 5, 1994","March 1, 2023",,,34,1994.0,2023.0,2008.0
627,,1994.0,Carrie Austin,"August 5, 1994","March 1, 2023",,,34,1994.0,2023.0,2009.0
628,,1994.0,Carrie Austin,"August 5, 1994","March 1, 2023",,,34,1994.0,2023.0,2010.0
629,,1994.0,Carrie Austin,"August 5, 1994","March 1, 2023",,,34,1994.0,2023.0,2011.0
630,,1994.0,Carrie Austin,"August 5, 1994","March 1, 2023",,,34,1994.0,2023.0,2012.0
631,,1994.0,Carrie Austin,"August 5, 1994","March 1, 2023",,,34,1994.0,2023.0,2013.0
632,,1994.0,Carrie Austin,"August 5, 1994","March 1, 2023",,,34,1994.0,2023.0,2014.0
633,,1994.0,Carrie Austin,"August 5, 1994","March 1, 2023",,,34,1994.0,2023.0,2015.0
634,,1994.0,Carrie Austin,"August 5, 1994","March 1, 2023",,,34,1994.0,2023.0,2016.0
635,,1994.0,Carrie Austin,"August 5, 1994","March 1, 2023",,,34,1994.0,2023.0,2017.0
636,,1994.0,Carrie Austin,"August 5, 1994","March 1, 2023",,,34,1994.0,2023.0,2018.0
637,,1994.0,Carrie Austin,"August 5, 1994","March 1, 2023",,,34,1994.0,2023.0,2019.0
638,,1994.0,Carrie Austin,"August 5, 1994","March 1, 2023",,,34,1994.0,2023.0,2020.0
639,,1994.0,Carrie Austin,"August 5, 1994","March 1, 2023",,,34,1994.0,2023.0,2021.0
640,,1994.0,Carrie Austin,"August 5, 1994","March 1, 2023",,,34,1994.0,2023.0,2022.0
641,,1994.0,Carrie Austin,"August 5, 1994","March 1, 2023",,,34,1994.0,2023.0,2023.0
642,,2003.0,Rey Colón,2003,2015,,,35,2003.0,2015.0,2003.0
643,,2003.0,Rey Colón,2003,2015,,,35,2003.0,2015.0,2004.0
644,,2003.0,Rey Colón,2003,2015,,,35,2003.0,2015.0,2005.0
645,,2003.0,Rey Colón,2003,2015,,,35,2003.0,2015.0,2006.0
646,,2003.0,Rey Colón,2003,2015,,,35,2003.0,2015.0,2007.0
647,,2003.0,Rey Colón,2003,2015,,,35,2003.0,2015.0,2008.0
648,,2003.0,Rey Colón,2003,2015,,,35,2003.0,2015.0,2009.0
649,,2003.0,Rey Colón,2003,2015,,,35,2003.0,2015.0,2010.0
650,,2003.0,Rey Colón,2003,2015,,,35,2003.0,2015.0,2011.0
651,,2003.0,Rey Colón,2003,2015,,,35,2003.0,2015.0,2012.0
652,,2003.0,Rey Colón,2003,2015,,,35,2003.0,2015.0,2013.0
653,,2003.0,Rey Colón,2003,2015,,,35,2003.0,2015.0,2014.0
654,,2003.0,Rey Colón,2003,2015,,,35,2003.0,2015.0,2015.0
655,,2015.0,Carlos Ramirez-Rosa,"May 18, 2015",present,,,35,2015.0,,2015.0
656,,2015.0,Carlos Ramirez-Rosa,"May 18, 2015",present,,,35,2015.0,,2016.0
657,,2015.0,Carlos Ramirez-Rosa,"May 18, 2015",present,,,35,2015.0,,2017.0
658,,2015.0,Carlos Ramirez-Rosa,"May 18, 2015",present,,,35,2015.0,,2018.0
659,,2015.0,Carlos Ramirez-Rosa,"May 18, 2015",present,,,35,2015.0,,2019.0
660,,2015.0,Carlos Ramirez-Rosa,"May 18, 2015",present,,,35,2015.0,,2020.0
661,,2015.0,Carlos Ramirez-Rosa,"May 18, 2015",present,,,35,2015.0,,2021.0
662,,2015.0,Carlos Ramirez-Rosa,"May 18, 2015",present,,,35,2015.0,,2022.0
663,,2015.0,Carlos Ramirez-Rosa,"May 18, 2015",present,,,35,2015.0,,2023.0
664,,2015.0,Nicholas Sposato,"May 18, 2015",present,,,36,2015.0,,2015.0
665,,2015.0,Nicholas Sposato,"May 18, 2015",present,,,36,2015.0,,2016.0
666,,2015.0,Nicholas Sposato,"May 18, 2015",present,,,36,2015.0,,2017.0
667,,2015.0,Nicholas Sposato,"May 18, 2015",present,,,36,2015.0,,2018.0
668,,2015.0,Nicholas Sposato,"May 18, 2015",present,,,36,2015.0,,2019.0
669,,2015.0,Nicholas Sposato,"May 18, 2015",present,,,36,2015.0,,2020.0
670,,2015.0,Nicholas Sposato,"May 18, 2015",present,,,36,2015.0,,2021.0
671,,2015.0,Nicholas Sposato,"May 18, 2015",present,,,36,2015.0,,2022.0
672,,2015.0,Nicholas Sposato,"May 18, 2015",present,,,36,2015.0,,2023.0
673,,2015.0,Gilbert Villegas,"May 18, 2015",present,,,36,2015.0,,2015.0
674,,2015.0,Gilbert Villegas,"May 18, 2015",present,,,36,2015.0,,2016.0
675,,2015.0,Gilbert Villegas,"May 18, 2015",present,,,36,2015.0,,2017.0
676,,2015.0,Gilbert Villegas,"May 18, 2015",present,,,36,2015.0,,2018.0
677,,2015.0,Gilbert Villegas,"May 18, 2015",present,,,36,2015.0,,2019.0
678,,2015.0,Gilbert Villegas,"May 18, 2015",present,,,36,2015.0,,2020.0
679,,2015.0,Gilbert Villegas,"May 18, 2015",present,,,36,2015.0,,2021.0
680,,2015.0,Gilbert Villegas,"May 18, 2015",present,,,36,2015.0,,2022.0
681,,2015.0,Gilbert Villegas,"May 18, 2015",present,,,36,2015.0,,2023.0
682,,2000.0,Emma Mitts,"January 7, 2000",present,,,37,2000.0,,2000.0
683,,2000.0,Emma Mitts,"January 7, 2000",present,,,37,2000.0,,2001.0
684,,2000.0,Emma Mitts,"January 7, 2000",present,,,37,2000.0,,2002.0
685,,2000.0,Emma Mitts,"January 7, 2000",present,,,37,2000.0,,2003.0
686,,2000.0,Emma Mitts,"January 7, 2000",present,,,37,2000.0,,2004.0
687,,2000.0,Emma Mitts,"January 7, 2000",present,,,37,2000.0,,2005.0
688,,2000.0,Emma Mitts,"January 7, 2000",present,,,37,2000.0,,2006.0
689,,2000.0,Emma Mitts,"January 7, 2000",present,,,37,2000.0,,2007.0
690,,2000.0,Emma Mitts,"January 7, 2000",present,,,37,2000.0,,2008.0
691,,2000.0,Emma Mitts,"January 7, 2000",present,,,37,2000.0,,2009.0
692,,2000.0,Emma Mitts,"January 7, 2000",present,,,37,2000.0,,2010.0
693,,2000.0,Emma Mitts,"January 7, 2000",present,,,37,2000.0,,2011.0
694,,2000.0,Emma Mitts,"January 7, 2000",present,,,37,2000.0,,2012.0
695,,2000.0,Emma Mitts,"January 7, 2000",present,,,37,2000.0,,2013.0
696,,2000.0,Emma Mitts,"January 7, 2000",present,,,37,2000.0,,2014.0
697,,2000.0,Emma Mitts,"January 7, 2000",present,,,37,2000.0,,2015.0
698,,2000.0,Emma Mitts,"January 7, 2000",present,,,37,2000.0,,2016.0
699,,2000.0,Emma Mitts,"January 7, 2000",present,,,37,2000.0,,2017.0
700,,2000.0,Emma Mitts,"January 7, 2000",present,,,37,2000.0,,2018.0
701,,2000.0,Emma Mitts,"January 7, 2000",present,,,37,2000.0,,2019.0
702,,2000.0,Emma Mitts,"January 7, 2000",present,,,37,2000.0,,2020.0
703,,2000.0,Emma Mitts,"January 7, 2000",present,,,37,2000.0,,2021.0
704,,2000.0,Emma Mitts,"January 7, 2000",present,,,37,2000.0,,2022.0
705,,2000.0,Emma Mitts,"January 7, 2000",present,,,37,2000.0,,2023.0
706,,2013.0,Nicholas Sposato,2013,present,Democratic,Redistricted from 36th ward,38,2013.0,,2013.0
707,,2013.0,Nicholas Sposato,2013,present,Democratic,Redistricted from 36th ward,38,2013.0,,2014.0
708,,2013.0,Nicholas Sposato,2013,present,Democratic,Redistricted from 36th ward,38,2013.0,,2015.0
709,,2013.0,Nicholas Sposato,2013,present,Democratic,Redistricted from 36th ward,38,2013.0,,2016.0
710,,2013.0,Nicholas Sposato,2013,present,Democratic,Redistricted from 36th ward,38,2013.0,,2017.0
711,,2013.0,Nicholas Sposato,2013,present,Democratic,Redistricted from 36th ward,38,2013.0,,2018.0
712,,2013.0,Nicholas Sposato,2013,present,Democratic,Redistricted from 36th ward,38,2013.0,,2019.0
713,,2013.0,Nicholas Sposato,2013,present,Democratic,Redistricted from 36th ward,38,2013.0,,2020.0
714,,2013.0,Nicholas Sposato,2013,present,Democratic,Redistricted from 36th ward,38,2013.0,,2021.0
715,,2013.0,Nicholas Sposato,2013,present,Democratic,Redistricted from 36th ward,38,2013.0,,2022.0
716,,2013.0,Nicholas Sposato,2013,present,Democratic,Redistricted from 36th ward,38,2013.0,,2023.0
717,,2011.0,Timothy Cullerton,2011,2013,N/A,,38,2011.0,2013.0,2011.0
718,,2011.0,Timothy Cullerton,2011,2013,N/A,,38,2011.0,2013.0,2012.0
719,,2011.0,Timothy Cullerton,2011,2013,N/A,,38,2011.0,2013.0,2013.0
720,,1994.0,Margaret Laurino,"July 24, 1994","May 20, 2019",,,39,1994.0,2019.0,1994.0
721,,1994.0,Margaret Laurino,"July 24, 1994","May 20, 2019",,,39,1994.0,2019.0,1995.0
722,,1994.0,Margaret Laurino,"July 24, 1994","May 20, 2019",,,39,1994.0,2019.0,1996.0
723,,1994.0,Margaret Laurino,"July 24, 1994","May 20, 2019",,,39,1994.0,2019.0,1997.0
724,,1994.0,Margaret Laurino,"July 24, 1994","May 20, 2019",,,39,1994.0,2019.0,1998.0
725,,1994.0,Margaret Laurino,"July 24, 1994","May 20, 2019",,,39,1994.0,2019.0,1999.0
726,,1994.0,Margaret Laurino,"July 24, 1994","May 20, 2019",,,39,1994.0,2019.0,2000.0
727,,1994.0,Margaret Laurino,"July 24, 1994","May 20, 2019",,,39,1994.0,2019.0,2001.0
728,,1994.0,Margaret Laurino,"July 24, 1994","May 20, 2019",,,39,1994.0,2019.0,2002.0
729,,1994.0,Margaret Laurino,"July 24, 1994","May 20, 2019",,,39,1994.0,2019.0,2003.0
730,,1994.0,Margaret Laurino,"July 24, 1994","May 20, 2019",,,39,1994.0,2019.0,2004.0
731,,1994.0,Margaret Laurino,"July 24, 1994","May 20, 2019",,,39,1994.0,2019.0,2005.0
732,,1994.0,Margaret Laurino,"July 24, 1994","May 20, 2019",,,39,1994.0,2019.0,2006.0
733,,1994.0,Margaret Laurino,"July 24, 1994","May 20, 2019",,,39,1994.0,2019.0,2007.0
734,,1994.0,Margaret Laurino,"July 24, 1994","May 20, 2019",,,39,1994.0,2019.0,2008.0
735,,1994.0,Margaret Laurino,"July 24, 1994","May 20, 2019",,,39,1994.0,2019.0,2009.0
736,,1994.0,Margaret Laurino,"July 24, 1994","May 20, 2019",,,39,1994.0,2019.0,2010.0
737,,1994.0,Margaret Laurino,"July 24, 1994","May 20, 2019",,,39,1994.0,2019.0,2011.0
738,,1994.0,Margaret Laurino,"July 24, 1994","May 20, 2019",,,39,1994.0,2019.0,2012.0
739,,1994.0,Margaret Laurino,"July 24, 1994","May 20, 2019",,,39,1994.0,2019.0,2013.0
740,,1994.0,Margaret Laurino,"July 24, 1994","May 20, 2019",,,39,1994.0,2019.0,2014.0
741,,1994.0,Margaret Laurino,"July 24, 1994","May 20, 2019",,,39,1994.0,2019.0,2015.0
742,,1994.0,Margaret Laurino,"July 24, 1994","May 20, 2019",,,39,1994.0,2019.0,2016.0
743,,1994.0,Margaret Laurino,"July 24, 1994","May 20, 2019",,,39,1994.0,2019.0,2017.0
744,,1994.0,Margaret Laurino,"July 24, 1994","May 20, 2019",,,39,1994.0,2019.0,2018.0
745,,1994.0,Margaret Laurino,"July 24, 1994","May 20, 2019",,,39,1994.0,2019.0,2019.0
746,,2023.0,Samantha Nugent,"May 15, 2023",present,,,39,2023.0,,2023.0
747,,2016.0,Sophia King,"April 16, 2016",present,Democratic,,4,2016.0,,2016.0
748,,2016.0,Sophia King,"April 16, 2016",present,Democratic,,4,2016.0,,2017.0
749,,2016.0,Sophia King,"April 16, 2016",present,Democratic,,4,2016.0,,2018.0
750,,2016.0,Sophia King,"April 16, 2016",present,Democratic,,4,2016.0,,2019.0
751,,2016.0,Sophia King,"April 16, 2016",present,Democratic,,4,2016.0,,2020.0
752,,2016.0,Sophia King,"April 16, 2016",present,Democratic,,4,2016.0,,2021.0
753,,2016.0,Sophia King,"April 16, 2016",present,Democratic,,4,2016.0,,2022.0
754,,2016.0,Sophia King,"April 16, 2016",present,Democratic,,4,2016.0,,2023.0
755,,2011.0,William D. Burns,May 2011,February 2016,Democratic,,4,2011.0,2016.0,2011.0
756,,2011.0,William D. Burns,May 2011,February 2016,Democratic,,4,2011.0,2016.0,2012.0
757,,2011.0,William D. Burns,May 2011,February 2016,Democratic,,4,2011.0,2016.0,2013.0
758,,2011.0,William D. Burns,May 2011,February 2016,Democratic,,4,2011.0,2016.0,2014.0
759,,2011.0,William D. Burns,May 2011,February 2016,Democratic,,4,2011.0,2016.0,2015.0
760,,2011.0,William D. Burns,May 2011,February 2016,Democratic,,4,2011.0,2016.0,2016.0
761,,2019.0,Andre Vasquez,"May 20, 2019",present,,,40,2019.0,,2019.0
762,,2019.0,Andre Vasquez,"May 20, 2019",present,,,40,2019.0,,2020.0
763,,2019.0,Andre Vasquez,"May 20, 2019",present,,,40,2019.0,,2021.0
764,,2019.0,Andre Vasquez,"May 20, 2019",present,,,40,2019.0,,2022.0
765,,2019.0,Andre Vasquez,"May 20, 2019",present,,,40,2019.0,,2023.0
766,,1983.0,Patrick J. O'Connor,May 1983,May 2019,,,40,1983.0,2019.0,1983.0
767,,1983.0,Patrick J. O'Connor,May 1983,May 2019,,,40,1983.0,2019.0,1984.0
768,,1983.0,Patrick J. O'Connor,May 1983,May 2019,,,40,1983.0,2019.0,1985.0
769,,1983.0,Patrick J. O'Connor,May 1983,May 2019,,,40,1983.0,2019.0,1986.0
770,,1983.0,Patrick J. O'Connor,May 1983,May 2019,,,40,1983.0,2019.0,1987.0
771,,1983.0,Patrick J. O'Connor,May 1983,May 2019,,,40,1983.0,2019.0,1988.0
772,,1983.0,Patrick J. O'Connor,May 1983,May 2019,,,40,1983.0,2019.0,1989.0
773,,1983.0,Patrick J. O'Connor,May 1983,May 2019,,,40,1983.0,2019.0,1990.0
774,,1983.0,Patrick J. O'Connor,May 1983,May 2019,,,40,1983.0,2019.0,1991.0
775,,1983.0,Patrick J. O'Connor,May 1983,May 2019,,,40,1983.0,2019.0,1992.0
776,,1983.0,Patrick J. O'Connor,May 1983,May 2019,,,40,1983.0,2019.0,1993.0
777,,1983.0,Patrick J. O'Connor,May 1983,May 2019,,,40,1983.0,2019.0,1994.0
778,,1983.0,Patrick J. O'Connor,May 1983,May 2019,,,40,1983.0,2019.0,1995.0
779,,1983.0,Patrick J. O'Connor,May 1983,May 2019,,,40,1983.0,2019.0,1996.0
780,,1983.0,Patrick J. O'Connor,May 1983,May 2019,,,40,1983.0,2019.0,1997.0
781,,1983.0,Patrick J. O'Connor,May 1983,May 2019,,,40,1983.0,2019.0,1998.0
782,,1983.0,Patrick J. O'Connor,May 1983,May 2019,,,40,1983.0,2019.0,1999.0
783,,1983.0,Patrick J. O'Connor,May 1983,May 2019,,,40,1983.0,2019.0,2000.0
784,,1983.0,Patrick J. O'Connor,May 1983,May 2019,,,40,1983.0,2019.0,2001.0
785,,1983.0,Patrick J. O'Connor,May 1983,May 2019,,,40,1983.0,2019.0,2002.0
786,,1983.0,Patrick J. O'Connor,May 1983,May 2019,,,40,1983.0,2019.0,2003.0
787,,1983.0,Patrick J. O'Connor,May 1983,May 2019,,,40,1983.0,2019.0,2004.0
788,,1983.0,Patrick J. O'Connor,May 1983,May 2019,,,40,1983.0,2019.0,2005.0
789,,1983.0,Patrick J. O'Connor,May 1983,May 2019,,,40,1983.0,2019.0,2006.0
790,,1983.0,Patrick J. O'Connor,May 1983,May 2019,,,40,1983.0,2019.0,2007.0
791,,1983.0,Patrick J. O'Connor,May 1983,May 2019,,,40,1983.0,2019.0,2008.0
792,,1983.0,Patrick J. O'Connor,May 1983,May 2019,,,40,1983.0,2019.0,2009.0
793,,1983.0,Patrick J. O'Connor,May 1983,May 2019,,,40,1983.0,2019.0,2010.0
794,,1983.0,Patrick J. O'Connor,May 1983,May 2019,,,40,1983.0,2019.0,2011.0
795,,1983.0,Patrick J. O'Connor,May 1983,May 2019,,,40,1983.0,2019.0,2012.0
796,,1983.0,Patrick J. O'Connor,May 1983,May 2019,,,40,1983.0,2019.0,2013.0
797,,1983.0,Patrick J. O'Connor,May 1983,May 2019,,,40,1983.0,2019.0,2014.0
798,,1983.0,Patrick J. O'Connor,May 1983,May 2019,,,40,1983.0,2019.0,2015.0
799,,1983.0,Patrick J. O'Connor,May 1983,May 2019,,,40,1983.0,2019.0,2016.0
800,,1983.0,Patrick J. O'Connor,May 1983,May 2019,,,40,1983.0,2019.0,2017.0
801,,1983.0,Patrick J. O'Connor,May 1983,May 2019,,,40,1983.0,2019.0,2018.0
802,,1983.0,Patrick J. O'Connor,May 1983,May 2019,,,40,1983.0,2019.0,2019.0
803,,2011.0,Mary O'Connor,May 2011,May 2015,,,41,2011.0,2015.0,2011.0
804,,2011.0,Mary O'Connor,May 2011,May 2015,,,41,2011.0,2015.0,2012.0
805,,2011.0,Mary O'Connor,May 2011,May 2015,,,41,2011.0,2015.0,2013.0
806,,2011.0,Mary O'Connor,May 2011,May 2015,,,41,2011.0,2015.0,2014.0
807,,2011.0,Mary O'Connor,May 2011,May 2015,,,41,2011.0,2015.0,2015.0
808,,2015.0,Anthony Napolitano,"May 18, 2015",present,,,41,2015.0,,2015.0
809,,2015.0,Anthony Napolitano,"May 18, 2015",present,,,41,2015.0,,2016.0
810,,2015.0,Anthony Napolitano,"May 18, 2015",present,,,41,2015.0,,2017.0
811,,2015.0,Anthony Napolitano,"May 18, 2015",present,,,41,2015.0,,2018.0
812,,2015.0,Anthony Napolitano,"May 18, 2015",present,,,41,2015.0,,2019.0
813,,2015.0,Anthony Napolitano,"May 18, 2015",present,,,41,2015.0,,2020.0
814,,2015.0,Anthony Napolitano,"May 18, 2015",present,,,41,2015.0,,2021.0
815,,2015.0,Anthony Napolitano,"May 18, 2015",present,,,41,2015.0,,2022.0
816,,2015.0,Anthony Napolitano,"May 18, 2015",present,,,41,2015.0,,2023.0
817,,2007.0,Brendan Reilly,2007,Present,Democratic,,42,2007.0,,2007.0
818,,2007.0,Brendan Reilly,2007,Present,Democratic,,42,2007.0,,2008.0
819,,2007.0,Brendan Reilly,2007,Present,Democratic,,42,2007.0,,2009.0
820,,2007.0,Brendan Reilly,2007,Present,Democratic,,42,2007.0,,2010.0
821,,2007.0,Brendan Reilly,2007,Present,Democratic,,42,2007.0,,2011.0
822,,2007.0,Brendan Reilly,2007,Present,Democratic,,42,2007.0,,2012.0
823,,2007.0,Brendan Reilly,2007,Present,Democratic,,42,2007.0,,2013.0
824,,2007.0,Brendan Reilly,2007,Present,Democratic,,42,2007.0,,2014.0
825,,2007.0,Brendan Reilly,2007,Present,Democratic,,42,2007.0,,2015.0
826,,2007.0,Brendan Reilly,2007,Present,Democratic,,42,2007.0,,2016.0
827,,2007.0,Brendan Reilly,2007,Present,Democratic,,42,2007.0,,2017.0
828,,2007.0,Brendan Reilly,2007,Present,Democratic,,42,2007.0,,2018.0
829,,2007.0,Brendan Reilly,2007,Present,Democratic,,42,2007.0,,2019.0
830,,2007.0,Brendan Reilly,2007,Present,Democratic,,42,2007.0,,2020.0
831,,2007.0,Brendan Reilly,2007,Present,Democratic,,42,2007.0,,2021.0
832,,2007.0,Brendan Reilly,2007,Present,Democratic,,42,2007.0,,2022.0
833,,2007.0,Brendan Reilly,2007,Present,Democratic,,42,2007.0,,2023.0
834,,2022.0,Timmy Knudsen,"September 21, 2022",Present,Democratic,,43,2022.0,,2022.0
835,,2022.0,Timmy Knudsen,"September 21, 2022",Present,Democratic,,43,2022.0,,2023.0
836,,2011.0,Michele Smith,"May 16, 2011","August 12, 2022",Democratic,,43,2011.0,2022.0,2011.0
837,,2011.0,Michele Smith,"May 16, 2011","August 12, 2022",Democratic,,43,2011.0,2022.0,2012.0
838,,2011.0,Michele Smith,"May 16, 2011","August 12, 2022",Democratic,,43,2011.0,2022.0,2013.0
839,,2011.0,Michele Smith,"May 16, 2011","August 12, 2022",Democratic,,43,2011.0,2022.0,2014.0
840,,2011.0,Michele Smith,"May 16, 2011","August 12, 2022",Democratic,,43,2011.0,2022.0,2015.0
841,,2011.0,Michele Smith,"May 16, 2011","August 12, 2022",Democratic,,43,2011.0,2022.0,2016.0
842,,2011.0,Michele Smith,"May 16, 2011","August 12, 2022",Democratic,,43,2011.0,2022.0,2017.0
843,,2011.0,Michele Smith,"May 16, 2011","August 12, 2022",Democratic,,43,2011.0,2022.0,2018.0
844,,2011.0,Michele Smith,"May 16, 2011","August 12, 2022",Democratic,,43,2011.0,2022.0,2019.0
845,,2011.0,Michele Smith,"May 16, 2011","August 12, 2022",Democratic,,43,2011.0,2022.0,2020.0
846,,2011.0,Michele Smith,"May 16, 2011","August 12, 2022",Democratic,,43,2011.0,2022.0,2021.0
847,,2011.0,Michele Smith,"May 16, 2011","August 12, 2022",Democratic,,43,2011.0,2022.0,2022.0
848,,2023.0,Bennett Lawson,"May 15, 2023",present,,,44,2023.0,,2023.0
849,,2003.0,Tom Tunney,"January 16, 2003","May 15, 2023",,,44,2003.0,2023.0,2003.0
850,,2003.0,Tom Tunney,"January 16, 2003","May 15, 2023",,,44,2003.0,2023.0,2004.0
851,,2003.0,Tom Tunney,"January 16, 2003","May 15, 2023",,,44,2003.0,2023.0,2005.0
852,,2003.0,Tom Tunney,"January 16, 2003","May 15, 2023",,,44,2003.0,2023.0,2006.0
853,,2003.0,Tom Tunney,"January 16, 2003","May 15, 2023",,,44,2003.0,2023.0,2007.0
854,,2003.0,Tom Tunney,"January 16, 2003","May 15, 2023",,,44,2003.0,2023.0,2008.0
855,,2003.0,Tom Tunney,"January 16, 2003","May 15, 2023",,,44,2003.0,2023.0,2009.0
856,,2003.0,Tom Tunney,"January 16, 2003","May 15, 2023",,,44,2003.0,2023.0,2010.0
857,,2003.0,Tom Tunney,"January 16, 2003","May 15, 2023",,,44,2003.0,2023.0,2011.0
858,,2003.0,Tom Tunney,"January 16, 2003","May 15, 2023",,,44,2003.0,2023.0,2012.0
859,,2003.0,Tom Tunney,"January 16, 2003","May 15, 2023",,,44,2003.0,2023.0,2013.0
860,,2003.0,Tom Tunney,"January 16, 2003","May 15, 2023",,,44,2003.0,2023.0,2014.0
861,,2003.0,Tom Tunney,"January 16, 2003","May 15, 2023",,,44,2003.0,2023.0,2015.0
862,,2003.0,Tom Tunney,"January 16, 2003","May 15, 2023",,,44,2003.0,2023.0,2016.0
863,,2003.0,Tom Tunney,"January 16, 2003","May 15, 2023",,,44,2003.0,2023.0,2017.0
864,,2003.0,Tom Tunney,"January 16, 2003","May 15, 2023",,,44,2003.0,2023.0,2018.0
865,,2003.0,Tom Tunney,"January 16, 2003","May 15, 2023",,,44,2003.0,2023.0,2019.0
866,,2003.0,Tom Tunney,"January 16, 2003","May 15, 2023",,,44,2003.0,2023.0,2020.0
867,,2003.0,Tom Tunney,"January 16, 2003","May 15, 2023",,,44,2003.0,2023.0,2021.0
868,,2003.0,Tom Tunney,"January 16, 2003","May 15, 2023",,,44,2003.0,2023.0,2022.0
869,,2003.0,Tom Tunney,"January 16, 2003","May 15, 2023",,,44,2003.0,2023.0,2023.0
870,,2019.0,Jim Gardiner,"May 20, 2019",present,,,45,2019.0,,2019.0
871,,2019.0,Jim Gardiner,"May 20, 2019",present,,,45,2019.0,,2020.0
872,,2019.0,Jim Gardiner,"May 20, 2019",present,,,45,2019.0,,2021.0
873,,2019.0,Jim Gardiner,"May 20, 2019",present,,,45,2019.0,,2022.0
874,,2019.0,Jim Gardiner,"May 20, 2019",present,,,45,2019.0,,2023.0
875,,2011.0,John Arena,May 2011,May 2019,,,45,2011.0,2019.0,2011.0
876,,2011.0,John Arena,May 2011,May 2019,,,45,2011.0,2019.0,2012.0
877,,2011.0,John Arena,May 2011,May 2019,,,45,2011.0,2019.0,2013.0
878,,2011.0,John Arena,May 2011,May 2019,,,45,2011.0,2019.0,2014.0
879,,2011.0,John Arena,May 2011,May 2019,,,45,2011.0,2019.0,2015.0
880,,2011.0,John Arena,May 2011,May 2019,,,45,2011.0,2019.0,2016.0
881,,2011.0,John Arena,May 2011,May 2019,,,45,2011.0,2019.0,2017.0
882,,2011.0,John Arena,May 2011,May 2019,,,45,2011.0,2019.0,2018.0
883,,2011.0,John Arena,May 2011,May 2019,,,45,2011.0,2019.0,2019.0
884,,2011.0,James Cappleman,"May 16, 2011","May 15, 2023",,,46,2011.0,2023.0,2011.0
885,,2011.0,James Cappleman,"May 16, 2011","May 15, 2023",,,46,2011.0,2023.0,2012.0
886,,2011.0,James Cappleman,"May 16, 2011","May 15, 2023",,,46,2011.0,2023.0,2013.0
887,,2011.0,James Cappleman,"May 16, 2011","May 15, 2023",,,46,2011.0,2023.0,2014.0
888,,2011.0,James Cappleman,"May 16, 2011","May 15, 2023",,,46,2011.0,2023.0,2015.0
889,,2011.0,James Cappleman,"May 16, 2011","May 15, 2023",,,46,2011.0,2023.0,2016.0
890,,2011.0,James Cappleman,"May 16, 2011","May 15, 2023",,,46,2011.0,2023.0,2017.0
891,,2011.0,James Cappleman,"May 16, 2011","May 15, 2023",,,46,2011.0,2023.0,2018.0
892,,2011.0,James Cappleman,"May 16, 2011","May 15, 2023",,,46,2011.0,2023.0,2019.0
893,,2011.0,James Cappleman,"May 16, 2011","May 15, 2023",,,46,2011.0,2023.0,2020.0
894,,2011.0,James Cappleman,"May 16, 2011","May 15, 2023",,,46,2011.0,2023.0,2021.0
895,,2011.0,James Cappleman,"May 16, 2011","May 15, 2023",,,46,2011.0,2023.0,2022.0
896,,2011.0,James Cappleman,"May 16, 2011","May 15, 2023",,,46,2011.0,2023.0,2023.0
897,,2023.0,Angela Clay,"May 15, 2023",present,,,46,2023.0,,2023.0
898,,2011.0,Ameya Pawar,"May 16, 2011","May 20, 2019",Democratic,,47,2011.0,2019.0,2011.0
899,,2011.0,Ameya Pawar,"May 16, 2011","May 20, 2019",Democratic,,47,2011.0,2019.0,2012.0
900,,2011.0,Ameya Pawar,"May 16, 2011","May 20, 2019",Democratic,,47,2011.0,2019.0,2013.0
901,,2011.0,Ameya Pawar,"May 16, 2011","May 20, 2019",Democratic,,47,2011.0,2019.0,2014.0
902,,2011.0,Ameya Pawar,"May 16, 2011","May 20, 2019",Democratic,,47,2011.0,2019.0,2015.0
903,,2011.0,Ameya Pawar,"May 16, 2011","May 20, 2019",Democratic,,47,2011.0,2019.0,2016.0
904,,2011.0,Ameya Pawar,"May 16, 2011","May 20, 2019",Democratic,,47,2011.0,2019.0,2017.0
905,,2011.0,Ameya Pawar,"May 16, 2011","May 20, 2019",Democratic,,47,2011.0,2019.0,2018.0
906,,2011.0,Ameya Pawar,"May 16, 2011","May 20, 2019",Democratic,,47,2011.0,2019.0,2019.0
907,,2019.0,Matt Martin,"May 20, 2019",Present,N/A,,47,2019.0,,2019.0
908,,2019.0,Matt Martin,"May 20, 2019",Present,N/A,,47,2019.0,,2020.0
909,,2019.0,Matt Martin,"May 20, 2019",Present,N/A,,47,2019.0,,2021.0
910,,2019.0,Matt Martin,"May 20, 2019",Present,N/A,,47,2019.0,,2022.0
911,,2019.0,Matt Martin,"May 20, 2019",Present,N/A,,47,2019.0,,2023.0
912,,2023.0,Leni Manaa-Hoppenworth,"May 15, 2023",present,,,48,2023.0,,2023.0
913,,2011.0,Harry Osterman,"May 16, 2011","May 15, 2023",,,48,2011.0,2023.0,2011.0
914,,2011.0,Harry Osterman,"May 16, 2011","May 15, 2023",,,48,2011.0,2023.0,2012.0
915,,2011.0,Harry Osterman,"May 16, 2011","May 15, 2023",,,48,2011.0,2023.0,2013.0
916,,2011.0,Harry Osterman,"May 16, 2011","May 15, 2023",,,48,2011.0,2023.0,2014.0
917,,2011.0,Harry Osterman,"May 16, 2011","May 15, 2023",,,48,2011.0,2023.0,2015.0
918,,2011.0,Harry Osterman,"May 16, 2011","May 15, 2023",,,48,2011.0,2023.0,2016.0
919,,2011.0,Harry Osterman,"May 16, 2011","May 15, 2023",,,48,2011.0,2023.0,2017.0
920,,2011.0,Harry Osterman,"May 16, 2011","May 15, 2023",,,48,2011.0,2023.0,2018.0
921,,2011.0,Harry Osterman,"May 16, 2011","May 15, 2023",,,48,2011.0,2023.0,2019.0
922,,2011.0,Harry Osterman,"May 16, 2011","May 15, 2023",,,48,2011.0,2023.0,2020.0
923,,2011.0,Harry Osterman,"May 16, 2011","May 15, 2023",,,48,2011.0,2023.0,2021.0
924,,2011.0,Harry Osterman,"May 16, 2011","May 15, 2023",,,48,2011.0,2023.0,2022.0
925,,2011.0,Harry Osterman,"May 16, 2011","May 15, 2023",,,48,2011.0,2023.0,2023.0
926,,1991.0,Joe Moore,1991,"May 20, 2019",Democratic,,49,1991.0,2019.0,1991.0
927,,1991.0,Joe Moore,1991,"May 20, 2019",Democratic,,49,1991.0,2019.0,1992.0
928,,1991.0,Joe Moore,1991,"May 20, 2019",Democratic,,49,1991.0,2019.0,1993.0
929,,1991.0,Joe Moore,1991,"May 20, 2019",Democratic,,49,1991.0,2019.0,1994.0
930,,1991.0,Joe Moore,1991,"May 20, 2019",Democratic,,49,1991.0,2019.0,1995.0
931,,1991.0,Joe Moore,1991,"May 20, 2019",Democratic,,49,1991.0,2019.0,1996.0
932,,1991.0,Joe Moore,1991,"May 20, 2019",Democratic,,49,1991.0,2019.0,1997.0
933,,1991.0,Joe Moore,1991,"May 20, 2019",Democratic,,49,1991.0,2019.0,1998.0
934,,1991.0,Joe Moore,1991,"May 20, 2019",Democratic,,49,1991.0,2019.0,1999.0
935,,1991.0,Joe Moore,1991,"May 20, 2019",Democratic,,49,1991.0,2019.0,2000.0
936,,1991.0,Joe Moore,1991,"May 20, 2019",Democratic,,49,1991.0,2019.0,2001.0
937,,1991.0,Joe Moore,1991,"May 20, 2019",Democratic,,49,1991.0,2019.0,2002.0
938,,1991.0,Joe Moore,1991,"May 20, 2019",Democratic,,49,1991.0,2019.0,2003.0
939,,1991.0,Joe Moore,1991,"May 20, 2019",Democratic,,49,1991.0,2019.0,2004.0
940,,1991.0,Joe Moore,1991,"May 20, 2019",Democratic,,49,1991.0,2019.0,2005.0
941,,1991.0,Joe Moore,1991,"May 20, 2019",Democratic,,49,1991.0,2019.0,2006.0
942,,1991.0,Joe Moore,1991,"May 20, 2019",Democratic,,49,1991.0,2019.0,2007.0
943,,1991.0,Joe Moore,1991,"May 20, 2019",Democratic,,49,1991.0,2019.0,2008.0
944,,1991.0,Joe Moore,1991,"May 20, 2019",Democratic,,49,1991.0,2019.0,2009.0
945,,1991.0,Joe Moore,1991,"May 20, 2019",Democratic,,49,1991.0,2019.0,2010.0
946,,1991.0,Joe Moore,1991,"May 20, 2019",Democratic,,49,1991.0,2019.0,2011.0
947,,1991.0,Joe Moore,1991,"May 20, 2019",Democratic,,49,1991.0,2019.0,2012.0
948,,1991.0,Joe Moore,1991,"May 20, 2019",Democratic,,49,1991.0,2019.0,2013.0
949,,1991.0,Joe Moore,1991,"May 20, 2019",Democratic,,49,1991.0,2019.0,2014.0
950,,1991.0,Joe Moore,1991,"May 20, 2019",Democratic,,49,1991.0,2019.0,2015.0
951,,1991.0,Joe Moore,1991,"May 20, 2019",Democratic,,49,1991.0,2019.0,2016.0
952,,1991.0,Joe Moore,1991,"May 20, 2019",Democratic,,49,1991.0,2019.0,2017.0
953,,1991.0,Joe Moore,1991,"May 20, 2019",Democratic,,49,1991.0,2019.0,2018.0
954,,1991.0,Joe Moore,1991,"May 20, 2019",Democratic,,49,1991.0,2019.0,2019.0
955,,2019.0,Maria Hadden,"May 20, 2019",present,N/A,,49,2019.0,,2019.0
956,,2019.0,Maria Hadden,"May 20, 2019",present,N/A,,49,2019.0,,2020.0
957,,2019.0,Maria Hadden,"May 20, 2019",present,N/A,,49,2019.0,,2021.0
958,,2019.0,Maria Hadden,"May 20, 2019",present,N/A,,49,2019.0,,2022.0
959,,2019.0,Maria Hadden,"May 20, 2019",present,N/A,,49,2019.0,,2023.0
960,,1999.0,Leslie Hairston,May 1999,"May 15, 2023",,,5,1999.0,2023.0,1999.0
961,,1999.0,Leslie Hairston,May 1999,"May 15, 2023",,,5,1999.0,2023.0,2000.0
962,,1999.0,Leslie Hairston,May 1999,"May 15, 2023",,,5,1999.0,2023.0,2001.0
963,,1999.0,Leslie Hairston,May 1999,"May 15, 2023",,,5,1999.0,2023.0,2002.0
964,,1999.0,Leslie Hairston,May 1999,"May 15, 2023",,,5,1999.0,2023.0,2003.0
965,,1999.0,Leslie Hairston,May 1999,"May 15, 2023",,,5,1999.0,2023.0,2004.0
966,,1999.0,Leslie Hairston,May 1999,"May 15, 2023",,,5,1999.0,2023.0,2005.0
967,,1999.0,Leslie Hairston,May 1999,"May 15, 2023",,,5,1999.0,2023.0,2006.0
968,,1999.0,Leslie Hairston,May 1999,"May 15, 2023",,,5,1999.0,2023.0,2007.0
969,,1999.0,Leslie Hairston,May 1999,"May 15, 2023",,,5,1999.0,2023.0,2008.0
970,,1999.0,Leslie Hairston,May 1999,"May 15, 2023",,,5,1999.0,2023.0,2009.0
971,,1999.0,Leslie Hairston,May 1999,"May 15, 2023",,,5,1999.0,2023.0,2010.0
972,,1999.0,Leslie Hairston,May 1999,"May 15, 2023",,,5,1999.0,2023.0,2011.0
973,,1999.0,Leslie Hairston,May 1999,"May 15, 2023",,,5,1999.0,2023.0,2012.0
974,,1999.0,Leslie Hairston,May 1999,"May 15, 2023",,,5,1999.0,2023.0,2013.0
975,,1999.0,Leslie Hairston,May 1999,"May 15, 2023",,,5,1999.0,2023.0,2014.0
976,,1999.0,Leslie Hairston,May 1999,"May 15, 2023",,,5,1999.0,2023.0,2015.0
977,,1999.0,Leslie Hairston,May 1999,"May 15, 2023",,,5,1999.0,2023.0,2016.0
978,,1999.0,Leslie Hairston,May 1999,"May 15, 2023",,,5,1999.0,2023.0,2017.0
979,,1999.0,Leslie Hairston,May 1999,"May 15, 2023",,,5,1999.0,2023.0,2018.0
980,,1999.0,Leslie Hairston,May 1999,"May 15, 2023",,,5,1999.0,2023.0,2019.0
981,,1999.0,Leslie Hairston,May 1999,"May 15, 2023",,,5,1999.0,2023.0,2020.0
982,,1999.0,Leslie Hairston,May 1999,"May 15, 2023",,,5,1999.0,2023.0,2021.0
983,,1999.0,Leslie Hairston,May 1999,"May 15, 2023",,,5,1999.0,2023.0,2022.0
984,,1999.0,Leslie Hairston,May 1999,"May 15, 2023",,,5,1999.0,2023.0,2023.0
985,,2011.0,Debra Silverstein,2011,present,N/A,,50,2011.0,,2011.0
986,,2011.0,Debra Silverstein,2011,present,N/A,,50,2011.0,,2012.0
987,,2011.0,Debra Silverstein,2011,present,N/A,,50,2011.0,,2013.0
988,,2011.0,Debra Silverstein,2011,present,N/A,,50,2011.0,,2014.0
989,,2011.0,Debra Silverstein,2011,present,N/A,,50,2011.0,,2015.0
990,,2011.0,Debra Silverstein,2011,present,N/A,,50,2011.0,,2016.0
991,,2011.0,Debra Silverstein,2011,present,N/A,,50,2011.0,,2017.0
992,,2011.0,Debra Silverstein,2011,present,N/A,,50,2011.0,,2018.0
993,,2011.0,Debra Silverstein,2011,present,N/A,,50,2011.0,,2019.0
994,,2011.0,Debra Silverstein,2011,present,N/A,,50,2011.0,,2020.0
995,,2011.0,Debra Silverstein,2011,present,N/A,,50,2011.0,,2021.0
996,,2011.0,Debra Silverstein,2011,present,N/A,,50,2011.0,,2022.0
997,,2011.0,Debra Silverstein,2011,present,N/A,,50,2011.0,,2023.0
998,,2011.0,Roderick Sawyer,"May 16, 2011","May 15, 2023",,,6,2011.0,2023.0,2011.0
999,,2011.0,Roderick Sawyer,"May 16, 2011","May 15, 2023",,,6,2011.0,2023.0,2012.0
1000,,2011.0,Roderick Sawyer,"May 16, 2011","May 15, 2023",,,6,2011.0,2023.0,2013.0
1001,,2011.0,Roderick Sawyer,"May 16, 2011","May 15, 2023",,,6,2011.0,2023.0,2014.0
1002,,2011.0,Roderick Sawyer,"May 16, 2011","May 15, 2023",,,6,2011.0,2023.0,2015.0
1003,,2011.0,Roderick Sawyer,"May 16, 2011","May 15, 2023",,,6,2011.0,2023.0,2016.0
1004,,2011.0,Roderick Sawyer,"May 16, 2011","May 15, 2023",,,6,2011.0,2023.0,2017.0
1005,,2011.0,Roderick Sawyer,"May 16, 2011","May 15, 2023",,,6,2011.0,2023.0,2018.0
1006,,2011.0,Roderick Sawyer,"May 16, 2011","May 15, 2023",,,6,2011.0,2023.0,2019.0
1007,,2011.0,Roderick Sawyer,"May 16, 2011","May 15, 2023",,,6,2011.0,2023.0,2020.0
1008,,2011.0,Roderick Sawyer,"May 16, 2011","May 15, 2023",,,6,2011.0,2023.0,2021.0
1009,,2011.0,Roderick Sawyer,"May 16, 2011","May 15, 2023",,,6,2011.0,2023.0,2022.0
1010,,2011.0,Roderick Sawyer,"May 16, 2011","May 15, 2023",,,6,2011.0,2023.0,2023.0
1011,,2015.0,Gregory Mitchell,"May 18, 2015",present,,,7,2015.0,,2015.0
1012,,2015.0,Gregory Mitchell,"May 18, 2015",present,,,7,2015.0,,2016.0
1013,,2015.0,Gregory Mitchell,"May 18, 2015",present,,,7,2015.0,,2017.0
1014,,2015.0,Gregory Mitchell,"May 18, 2015",present,,,7,2015.0,,2018.0
1015,,2015.0,Gregory Mitchell,"May 18, 2015",present,,,7,2015.0,,2019.0
1016,,2015.0,Gregory Mitchell,"May 18, 2015",present,,,7,2015.0,,2020.0
1017,,2015.0,Gregory Mitchell,"May 18, 2015",present,,,7,2015.0,,2021.0
1018,,2015.0,Gregory Mitchell,"May 18, 2015",present,,,7,2015.0,,2022.0
1019,,2015.0,Gregory Mitchell,"May 18, 2015",present,,,7,2015.0,,2023.0
1020,,2013.0,Natashia Holmes,"February 13, 2013","May 18, 2015",,,7,2013.0,2015.0,2013.0
1021,,2013.0,Natashia Holmes,"February 13, 2013","May 18, 2015",,,7,2013.0,2015.0,2014.0
1022,,2013.0,Natashia Holmes,"February 13, 2013","May 18, 2015",,,7,2013.0,2015.0,2015.0
1023,,2007.0,Sandi Jackson,"May 21, 2007","January 15, 2013",,,7,2007.0,2013.0,2007.0
1024,,2007.0,Sandi Jackson,"May 21, 2007","January 15, 2013",,,7,2007.0,2013.0,2008.0
1025,,2007.0,Sandi Jackson,"May 21, 2007","January 15, 2013",,,7,2007.0,2013.0,2009.0
1026,,2007.0,Sandi Jackson,"May 21, 2007","January 15, 2013",,,7,2007.0,2013.0,2010.0
1027,,2007.0,Sandi Jackson,"May 21, 2007","January 15, 2013",,,7,2007.0,2013.0,2011.0
1028,,2007.0,Sandi Jackson,"May 21, 2007","January 15, 2013",,,7,2007.0,2013.0,2012.0
1029,,2007.0,Sandi Jackson,"May 21, 2007","January 15, 2013",,,7,2007.0,2013.0,2013.0
1030,,2006.0,Michelle A. Harris,"December 13, 2006",present,,,8,2006.0,,2006.0
1031,,2006.0,Michelle A. Harris,"December 13, 2006",present,,,8,2006.0,,2007.0
1032,,2006.0,Michelle A. Harris,"December 13, 2006",present,,,8,2006.0,,2008.0
1033,,2006.0,Michelle A. Harris,"December 13, 2006",present,,,8,2006.0,,2009.0
1034,,2006.0,Michelle A. Harris,"December 13, 2006",present,,,8,2006.0,,2010.0
1035,,2006.0,Michelle A. Harris,"December 13, 2006",present,,,8,2006.0,,2011.0
1036,,2006.0,Michelle A. Harris,"December 13, 2006",present,,,8,2006.0,,2012.0
1037,,2006.0,Michelle A. Harris,"December 13, 2006",present,,,8,2006.0,,2013.0
1038,,2006.0,Michelle A. Harris,"December 13, 2006",present,,,8,2006.0,,2014.0
1039,,2006.0,Michelle A. Harris,"December 13, 2006",present,,,8,2006.0,,2015.0
1040,,2006.0,Michelle A. Harris,"December 13, 2006",present,,,8,2006.0,,2016.0
1041,,2006.0,Michelle A. Harris,"December 13, 2006",present,,,8,2006.0,,2017.0
1042,,2006.0,Michelle A. Harris,"December 13, 2006",present,,,8,2006.0,,2018.0
1043,,2006.0,Michelle A. Harris,"December 13, 2006",present,,,8,2006.0,,2019.0
1044,,2006.0,Michelle A. Harris,"December 13, 2006",present,,,8,2006.0,,2020.0
1045,,2006.0,Michelle A. Harris,"December 13, 2006",present,,,8,2006.0,,2021.0
1046,,2006.0,Michelle A. Harris,"December 13, 2006",present,,,8,2006.0,,2022.0
1047,,2006.0,Michelle A. Harris,"December 13, 2006",present,,,8,2006.0,,2023.0
1048,,1999.0,Anthony Beale,May 1999,present,,,9,1999.0,,1999.0
1049,,1999.0,Anthony Beale,May 1999,present,,,9,1999.0,,2000.0
1050,,1999.0,Anthony Beale,May 1999,present,,,9,1999.0,,2001.0
1051,,1999.0,Anthony Beale,May 1999,present,,,9,1999.0,,2002.0
1052,,1999.0,Anthony Beale,May 1999,present,,,9,1999.0,,2003.0
1053,,1999.0,Anthony Beale,May 1999,present,,,9,1999.0,,2004.0
1054,,1999.0,Anthony Beale,May 1999,present,,,9,1999.0,,2005.0
1055,,1999.0,Anthony Beale,May 1999,present,,,9,1999.0,,2006.0
1056,,1999.0,Anthony Beale,May 1999,present,,,9,1999.0,,2007.0
1057,,1999.0,Anthony Beale,May 1999,present,,,9,1999.0,,2008.0
1058,,1999.0,Anthony Beale,May 1999,present,,,9,1999.0,,2009.0
1059,,1999.0,Anthony Beale,May 1999,present,,,9,1999.0,,2010.0
1060,,1999.0,Anthony Beale,May 1999,present,,,9,1999.0,,2011.0
1061,,1999.0,Anthony Beale,May 1999,present,,,9,1999.0,,2012.0
1062,,1999.0,Anthony Beale,May 1999,present,,,9,1999.0,,2013.0
1063,,1999.0,Anthony Beale,May 1999,present,,,9,1999.0,,2014.0
1064,,1999.0,Anthony Beale,May 1999,present,,,9,1999.0,,2015.0
1065,,1999.0,Anthony Beale,May 1999,present,,,9,1999.0,,2016.0
1066,,1999.0,Anthony Beale,May 1999,present,,,9,1999.0,,2017.0
1067,,1999.0,Anthony Beale,May 1999,present,,,9,1999.0,,2018.0
1068,,1999.0,Anthony Beale,May 1999,present,,,9,1999.0,,2019.0
1069,,1999.0,Anthony Beale,May 1999,present,,,9,1999.0,,2020.0
1070,,1999.0,Anthony Beale,May 1999,present,,,9,1999.0,,2021.0
1071,,1999.0,Anthony Beale,May 1999,present,,,9,1999.0,,2022.0
1072,,1999.0,Anthony Beale,May 1999,present,,,9,1999.0,,2023.0
