year,ward,cost,category,program,description,addresses,cross_streets

2012,1,"$6,354.00",Streets & Transportation,Alley Resurfacing Menu,N WESTERN AVE & N CLAREMONT AVE & W NORTH AVE & W LE MOYNE ST,"['N WESTERN AVE', 'N CLAREMONT AVE', 'W NORTH AVE', 'W LE MOYNE ST']","[{'FNODE_ID': '27291', 'TNODE_ID': '13907', 'OBJECTID': '26269', 'TRANS_ID': '143256', 'PRE_DIR': 'N', 'STREET_NAM': 'WESTERN', 'STREET_TYP': 'AVE', 'F_CROSS': '2400 W LE MOYNE ST ', 'T_CROSS': '2400 W NORTH AVE ', 'MIN_ADDR': '1500', 'MAX_ADDR': '1559'}, {'FNODE_ID': '27291', 'TNODE_ID': '13907', 'OBJECTID': '26269', 'TRANS_ID': '143256', 'PRE_DIR': 'N', 'STREET_NAM': 'WESTERN', 'STREET_TYP': 'AVE', 'F_CROSS': '2400 W LE MOYNE ST ', 'T_CROSS': '2400 W NORTH AVE ', 'MIN_ADDR': '1500', 'MAX_ADDR': '1559'}, {'FNODE_ID': '13905', 'TNODE_ID': '13906', 'OBJECTID': '13033', 'TRANS_ID': '104253', 'PRE_DIR': 'W', 'STREET_NAM': 'NORTH', 'STREET_TYP': 'AVE', 'F_CROSS': '1600 N OAKLEY AVE ', 'T_CROSS': '1600 N CLAREMONT AVE ', 'MIN_ADDR': '2300', 'MAX_ADDR': '2327'}]"

2012,1,"$2,800.00",Streets & Transportation,Alley Speed Hump Menu,N WOOD ST & N HONORE ST & W AUGUSTA BLVD & W IOWA ST,"['N WOOD ST', 'N HONORE ST', 'W AUGUSTA BLVD', 'W IOWA ST']","[{'FNODE_ID': '23161', 'TNODE_ID': '34189', 'OBJECTID': '17157', 'TRANS_ID': '117634', 'PRE_DIR': 'N', 'STREET_NAM': 'WOOD', 'STREET_TYP': 'ST', 'F_CROSS': '1800 W IOWA ST ', 'T_CROSS': '1799 W WALTON ST ', 'MIN_ADDR': '900', 'MAX_ADDR': '921'}, {'FNODE_ID': '23161', 'TNODE_ID': '34189', 'OBJECTID': '17157', 'TRANS_ID': '117634', 'PRE_DIR': 'N', 'STREET_NAM': 'WOOD', 'STREET_TYP': 'ST', 'F_CROSS': '1800 W IOWA ST ', 'T_CROSS': '1799 W WALTON ST ', 'MIN_ADDR': '900', 'MAX_ADDR': '921'}, {'FNODE_ID': '10203', 'TNODE_ID': '18276', 'OBJECTID': '50316', 'TRANS_ID': '117608', 'PRE_DIR': 'W', 'STREET_NAM': 'AUGUSTA', 'STREET_TYP': 'BLVD', 'F_CROSS': '1000 N WOOD ST ', 'T_CROSS': '1000 N HONORE ST ', 'MIN_ADDR': '1800', 'MAX_ADDR': '1827'}]"

2012,1,"$3,150.00",Streets & Transportation,Bollard Menu,ON W BELMONT AVE FROM 2441 W TO N CAMPBELL AV (2500 W),"['W BELMONT AVE', 'N CAMPBELL AVE']","[{'FNODE_ID': '30818', 'TNODE_ID': '12094', 'OBJECTID': '5954', 'TRANS_ID': '107739', 'PRE_DIR': 'W', 'STREET_NAM': 'BELMONT', 'STREET_TYP': 'AVE', 'F_CROSS': '3200 N WESTERN AVE ', 'T_CROSS': '3199 N CAMPBELL AVE ', 'MIN_ADDR': '2402', 'MAX_ADDR': '2454'}, {'FNODE_ID': '12095', 'TNODE_ID': '1617', 'OBJECTID': '38202', 'TRANS_ID': '107743', 'PRE_DIR': 'W', 'STREET_NAM': 'BELMONT', 'STREET_TYP': 'AVE', 'F_CROSS': '3200 N CAMPBELL AVE ', 'T_CROSS': '2547 W   ', 'MIN_ADDR': '2500', 'MAX_ADDR': '2545'}, {'FNODE_ID': '12094', 'TNODE_ID': '12095', 'OBJECTID': '47520', 'TRANS_ID': '107740', 'PRE_DIR': 'W', 'STREET_NAM': 'BELMONT', 'STREET_TYP': 'AVE', 'F_CROSS': '3199 N CAMPBELL AVE ', 'T_CROSS': '3200 N CAMPBELL AVE ', 'MIN_ADDR': '2456', 'MAX_ADDR': '2507'}]"

2012,1,"$19,882.00",Streets & Transportation,Curb & Gutter Menu,ON N MAPLEWOOD AVE FROM W BELDEN AV (2300 N) TO W MEDILL AV (2334 N),"['N MAPLEWOOD AVE', 'W BELDEN AVE', 'W MEDILL AVE']","[{'FNODE_ID': '31127', 'TNODE_ID': '10687', 'OBJECTID': '25507', 'TRANS_ID': '109128', 'PRE_DIR': 'N', 'STREET_NAM': 'MAPLEWOOD', 'STREET_TYP': 'AVE', 'F_CROSS': '2599 W MEDILL AVE ', 'T_CROSS': '2545 W FULLERTON AVE ', 'MIN_ADDR': '2326', 'MAX_ADDR': '2349'}, {'FNODE_ID': '31127', 'TNODE_ID': '10687', 'OBJECTID': '25507', 'TRANS_ID': '109128', 'PRE_DIR': 'N', 'STREET_NAM': 'MAPLEWOOD', 'STREET_TYP': 'AVE', 'F_CROSS': '2599 W MEDILL AVE ', 'T_CROSS': '2545 W FULLERTON AVE ', 'MIN_ADDR': '2326', 'MAX_ADDR': '2349'}, {'FNODE_ID': '11346', 'TNODE_ID': '10756', 'OBJECTID': '47137', 'TRANS_ID': '112796', 'PRE_DIR': 'N', 'STREET_NAM': 'MAPLEWOOD', 'STREET_TYP': 'AVE', 'F_CROSS': '2557 W LYNDALE ST ', 'T_CROSS': '2599 W BELDEN AVE ', 'MIN_ADDR': '2230', 'MAX_ADDR': '2258'}]"

2012,1,"$1,000.00",Streets & Transportation,Pavement Markings,W CHARLESTON ST & N WESTERN AVE,"['W CHARLESTON ST', 'N WESTERN AVE']","[{'FNODE_ID': '10121', 'TNODE_ID': '30654', 'OBJECTID': '6439', 'TRANS_ID': '109137', 'PRE_DIR': 'W', 'STREET_NAM': 'CHARLESTON', 'STREET_TYP': 'ST', 'F_CROSS': '2100 N WESTERN AVE ', 'T_CROSS': '2100 N CAMPBELL AVE ', 'MIN_ADDR': '2400', 'MAX_ADDR': '2441'}, {'FNODE_ID': '10126', 'TNODE_ID': '33649', 'OBJECTID': '16213', 'TRANS_ID': '143225', 'PRE_DIR': 'W', 'STREET_NAM': 'CHARLESTON', 'STREET_TYP': 'ST', 'F_CROSS': '2100 N OAKLEY AVE ', 'T_CROSS': '2101 N WESTERN AVE ', 'MIN_ADDR': '2300', 'MAX_ADDR': '2359'}]"

2012,1,$400.00,Streets & Transportation,Pavement Markings,W ARMITAGE AVE & N MILWAUKEE AVE,"['W ARMITAGE AVE', 'N MILWAUKEE AVE']","[{'FNODE_ID': '15111', 'TNODE_ID': '10638', 'OBJECTID': '31459', 'TRANS_ID': '112776', 'PRE_DIR': 'W', 'STREET_NAM': 'ARMITAGE', 'STREET_TYP': 'AVE', 'F_CROSS': '2000 N MILWAUKEE AVE ', 'T_CROSS': '1999 N CAMPBELL AVE ', 'MIN_ADDR': '2433', 'MAX_ADDR': '2466'}, {'FNODE_ID': '25456', 'TNODE_ID': '15111', 'OBJECTID': '43348', 'TRANS_ID': '109130', 'PRE_DIR': 'W', 'STREET_NAM': 'ARMITAGE', 'STREET_TYP': 'AVE', 'F_CROSS': '2000 N WESTERN AVE ', 'T_CROSS': '2000 N MILWAUKEE AVE ', 'MIN_ADDR': '2400', 'MAX_ADDR': '2424'}]"

2012,1,$600.00,Streets & Transportation,Pavement Markings,W DIVERSEY PKWY & N ROCKWELL ST,"['W DIVERSEY PKWY', 'N ROCKWELL ST']",[]

2012,1,"$11,954.00",Streets & Transportation,Sidewalk Menu,ON W BELDEN AVE FROM N TALMAN AV (2632 W) TO N WASHTENAW AV (2720 W),"['W BELDEN AVE', 'N TALMAN AVE', 'N WASHTENAW AVE']","[{'FNODE_ID': '24449', 'TNODE_ID': '24453', 'OBJECTID': '15402', 'TRANS_ID': '111905', 'PRE_DIR': 'W', 'STREET_NAM': 'BELDEN', 'STREET_TYP': 'AVE', 'F_CROSS': '2300 N WASHTENAW AVE ', 'T_CROSS': '2296 N MILWAUKEE AVE ', 'MIN_ADDR': '2700', 'MAX_ADDR': '2740'}, {'FNODE_ID': '24449', 'TNODE_ID': '24453', 'OBJECTID': '15402', 'TRANS_ID': '111905', 'PRE_DIR': 'W', 'STREET_NAM': 'BELDEN', 'STREET_TYP': 'AVE', 'F_CROSS': '2300 N WASHTENAW AVE ', 'T_CROSS': '2296 N MILWAUKEE AVE ', 'MIN_ADDR': '2700', 'MAX_ADDR': '2740'}]"

2012,1,"$10,065.00",Streets & Transportation,Sidewalk Menu,ON N WOOD ST FROM W BEACH AV (1422 N) TO W LE MOYNE ST (1508 N),"['N WOOD ST', 'W BEACH AVE', 'W LE MOYNE ST']","[{'FNODE_ID': '29033', 'TNODE_ID': '29020', 'OBJECTID': '29848', 'TRANS_ID': '116286', 'PRE_DIR': 'N', 'STREET_NAM': 'WOOD', 'STREET_TYP': 'ST', 'F_CROSS': '1799 W LE MOYNE ST ', 'T_CROSS': '1799 W PIERCE AVE ', 'MIN_ADDR': '1508', 'MAX_ADDR': '1534'}, {'FNODE_ID': '29033', 'TNODE_ID': '29020', 'OBJECTID': '29848', 'TRANS_ID': '116286', 'PRE_DIR': 'N', 'STREET_NAM': 'WOOD', 'STREET_TYP': 'ST', 'F_CROSS': '1799 W LE MOYNE ST ', 'T_CROSS': '1799 W PIERCE AVE ', 'MIN_ADDR': '1508', 'MAX_ADDR': '1534'}, {'FNODE_ID': '16115', 'TNODE_ID': '17658', 'OBJECTID': '47853', 'TRANS_ID': '116297', 'PRE_DIR': 'N', 'STREET_NAM': 'WOOD', 'STREET_TYP': 'ST', 'F_CROSS': '1397 N MILWAUKEE AVE ', 'T_CROSS': '1799 W BEACH AVE ', 'MIN_ADDR': '1401', 'MAX_ADDR': '1410'}]"

2012,1,"$1,594.00",Streets & Transportation,Sidewalk Menu,ON N MARION CT FROM W DIVISION ST (1200 N) TO W ELLEN ST (1320 N),"['N MARION CT', 'W DIVISION ST', 'W ELLEN ST']",[]

2012,1,"$193,749.00",Streets & Transportation,Street Resurfacing Menu,ON N CAMPBELL AVE FROM W NORTH AV (1600 N) TO W CORTLAND ST (1900 N),"['N CAMPBELL AVE', 'W NORTH AVE', 'W CORTLAND ST']","[{'FNODE_ID': '11106', 'TNODE_ID': '24411', 'OBJECTID': '9639', 'TRANS_ID': '109544', 'PRE_DIR': 'N', 'STREET_NAM': 'CAMPBELL', 'STREET_TYP': 'AVE', 'F_CROSS': '2500 W CORTLAND ST ', 'T_CROSS': '2500 W HOMER ST ', 'MIN_ADDR': '1900', 'MAX_ADDR': '1927'}, {'FNODE_ID': '11106', 'TNODE_ID': '24411', 'OBJECTID': '9639', 'TRANS_ID': '109544', 'PRE_DIR': 'N', 'STREET_NAM': 'CAMPBELL', 'STREET_TYP': 'AVE', 'F_CROSS': '2500 W CORTLAND ST ', 'T_CROSS': '2500 W HOMER ST ', 'MIN_ADDR': '1900', 'MAX_ADDR': '1927'}, {'FNODE_ID': '13983', 'TNODE_ID': '17170', 'OBJECTID': '36218', 'TRANS_ID': '143340', 'PRE_DIR': 'N', 'STREET_NAM': 'CAMPBELL', 'STREET_TYP': 'AVE', 'F_CROSS': '2500 W LE MOYNE ST ', 'T_CROSS': '2500 W NORTH AVE ', 'MIN_ADDR': '1500', 'MAX_ADDR': '1559'}]"

2012,1,"$73,623.00",Streets & Transportation,Street Resurfacing Menu,ON N ROCKWELL ST FROM W CORTLAND ST (1900 N) TO W ARMITAGE AV (2000 N),"['N ROCKWELL ST', 'W CORTLAND ST', 'W ARMITAGE AVE']","[{'FNODE_ID': '35367', 'TNODE_ID': '12492', 'OBJECTID': '40162', 'TRANS_ID': '109542', 'PRE_DIR': 'N', 'STREET_NAM': 'ROCKWELL', 'STREET_TYP': 'ST', 'F_CROSS': '2599 W MOFFAT ST ', 'T_CROSS': '2600 W CORTLAND ST ', 'MIN_ADDR': '1830', 'MAX_ADDR': '1859'}]"

2012,1,"$10,588.00",Streets & Transportation,Street Resurfacing Menu,ON W JULIA CT FROM N STAVE ST (2728 W) TO Dead End (2726 W),"['W JULIA CT', 'N STAVE ST']","[{'FNODE_ID': '11322', 'TNODE_ID': '10556', 'OBJECTID': '17000', 'TRANS_ID': '147122', 'PRE_DIR': 'W', 'STREET_NAM': 'JULIA', 'STREET_TYP': 'CT', 'F_CROSS': '2141 N STAVE ST ', 'T_CROSS': '  DEAD END  ', 'MIN_ADDR': '2700', 'MAX_ADDR': '2719'}]"

2012,1,"$19,195.00",Streets & Transportation,Street Resurfacing Menu,ON W LE MOYNE ST FROM N OAKLEY BV (2300 W) TO N CLAREMONT AV (2332 W),"['W LE MOYNE ST', 'N OAKLEY BV', 'N CLAREMONT AVE']","[{'FNODE_ID': '30493', 'TNODE_ID': '27291', 'OBJECTID': '29197', 'TRANS_ID': '116986', 'PRE_DIR': 'W', 'STREET_NAM': 'LE MOYNE', 'STREET_TYP': 'ST', 'F_CROSS': '1500 N CLAREMONT AVE ', 'T_CROSS': '1500 N WESTERN AVE ', 'MIN_ADDR': '2332', 'MAX_ADDR': '2359'}, {'FNODE_ID': '30493', 'TNODE_ID': '27291', 'OBJECTID': '29197', 'TRANS_ID': '116986', 'PRE_DIR': 'W', 'STREET_NAM': 'LE MOYNE', 'STREET_TYP': 'ST', 'F_CROSS': '1500 N CLAREMONT AVE ', 'T_CROSS': '1500 N WESTERN AVE ', 'MIN_ADDR': '2332', 'MAX_ADDR': '2359'}]"

2012,1,"$34,143.00",Streets & Transportation,Street Resurfacing Menu,ON W CHARLESTON ST FROM N CAMPBELL AV (2450 W) TO N MAPLEWOOD AV (2535 W),"['W CHARLESTON ST', 'N CAMPBELL AVE', 'N MAPLEWOOD AVE']","[{'FNODE_ID': '10121', 'TNODE_ID': '30654', 'OBJECTID': '6439', 'TRANS_ID': '109137', 'PRE_DIR': 'W', 'STREET_NAM': 'CHARLESTON', 'STREET_TYP': 'ST', 'F_CROSS': '2100 N WESTERN AVE ', 'T_CROSS': '2100 N CAMPBELL AVE ', 'MIN_ADDR': '2400', 'MAX_ADDR': '2441'}]"

2012,1,"$47,986.00",Streets & Transportation,Street Resurfacing Menu,ON N ROCKWELL ST FROM N MILWAUKEE AV (2125 N) TO W LYNDALE ST (2236 N),"['N ROCKWELL ST', 'N MILWAUKEE AVE', 'W LYNDALE ST']","[{'FNODE_ID': '25159', 'TNODE_ID': '10764', 'OBJECTID': '12059', 'TRANS_ID': '113102', 'PRE_DIR': 'N', 'STREET_NAM': 'ROCKWELL', 'STREET_TYP': 'ST', 'F_CROSS': '2599 W LYNDALE ST ', 'T_CROSS': '2301 N   ', 'MIN_ADDR': '2222', 'MAX_ADDR': '2249'}, {'FNODE_ID': '25159', 'TNODE_ID': '10764', 'OBJECTID': '12059', 'TRANS_ID': '113102', 'PRE_DIR': 'N', 'STREET_NAM': 'ROCKWELL', 'STREET_TYP': 'ST', 'F_CROSS': '2599 W LYNDALE ST ', 'T_CROSS': '2301 N   ', 'MIN_ADDR': '2222', 'MAX_ADDR': '2249'}]"

2012,1,"$3,700.00",Streets & Transportation,Street Speed Hump Menu,ON N ELK GROVE AVE FROM N WOOD ST (1800 W) TO W NORTH AV (1600 N),"['N ELK GROVE AVE', 'N WOOD ST', 'W NORTH AVE']",[]

2012,1,"$3,700.00",Streets & Transportation,Street Speed Hump Menu,ON N MARION CT FROM W DIVISION ST (1200 N) TO W ELLEN ST (1320 N),"['N MARION CT', 'W DIVISION ST', 'W ELLEN ST']",[]

2012,1,"$3,700.00",Streets & Transportation,Street Speed Hump Menu,ON N ROCKWELL ST FROM W FULLERTON AV (2400 N) TO W ALTGELD ST (2500 N),"['N ROCKWELL ST', 'W FULLERTON AVE', 'W ALTGELD ST']","[{'FNODE_ID': '31030', 'TNODE_ID': '8524', 'OBJECTID': '15496', 'TRANS_ID': '108592', 'PRE_DIR': 'N', 'STREET_NAM': 'ROCKWELL', 'STREET_TYP': 'ST', 'F_CROSS': '2600 W ALTGELD ST ', 'T_CROSS': '2601 W LOGAN BLVD ', 'MIN_ADDR': '2500', 'MAX_ADDR': '2551'}, {'FNODE_ID': '31030', 'TNODE_ID': '8524', 'OBJECTID': '15496', 'TRANS_ID': '108592', 'PRE_DIR': 'N', 'STREET_NAM': 'ROCKWELL', 'STREET_TYP': 'ST', 'F_CROSS': '2600 W ALTGELD ST ', 'T_CROSS': '2601 W LOGAN BLVD ', 'MIN_ADDR': '2500', 'MAX_ADDR': '2551'}, {'FNODE_ID': '10764', 'TNODE_ID': '34536', 'OBJECTID': '51148', 'TRANS_ID': '112720', 'PRE_DIR': 'N', 'STREET_NAM': 'ROCKWELL', 'STREET_TYP': 'ST', 'F_CROSS': '2299 N   ', 'T_CROSS': '2606 W FULLERTON AVE ', 'MIN_ADDR': '2300', 'MAX_ADDR': '2359'}]"

2012,1,"$3,700.00",Streets & Transportation,Street Speed Hump Menu,ON W ST PAUL AVE FROM N WINNEBAGO AV (2269 W) TO N WESTERN AV (2400 W),"['W ST PAUL AVE', 'N WINNEBAGO AVE', 'N WESTERN AVE']",[]

2012,1,"$2,500.00",Lighting,Floodlight Menu,W POTOMAC AVE & N LEAVITT ST,"['W POTOMAC AVE', 'N LEAVITT ST']","[{'FNODE_ID': '23054', 'TNODE_ID': '31521', 'OBJECTID': '17007', 'TRANS_ID': '117000', 'PRE_DIR': 'W', 'STREET_NAM': 'POTOMAC', 'STREET_TYP': 'AVE', 'F_CROSS': '1300 N LEAVITT ST ', 'T_CROSS': '1300 N BELL AVE ', 'MIN_ADDR': '2200', 'MAX_ADDR': '2225'}, {'FNODE_ID': '8193', 'TNODE_ID': '23054', 'OBJECTID': '24746', 'TRANS_ID': '116999', 'PRE_DIR': 'W', 'STREET_NAM': 'POTOMAC', 'STREET_TYP': 'AVE', 'F_CROSS': '1300 N HOYNE AVE ', 'T_CROSS': '1300 N LEAVITT ST ', 'MIN_ADDR': '2100', 'MAX_ADDR': '2159'}]"

2012,1,$500.00,Lighting,Floodlight Menu,N CAMPBELL AVE & W IOWA ST,"['N CAMPBELL AVE', 'W IOWA ST']","[{'FNODE_ID': '23168', 'TNODE_ID': '23150', 'OBJECTID': '28865', 'TRANS_ID': '120339', 'PRE_DIR': 'N', 'STREET_NAM': 'CAMPBELL', 'STREET_TYP': 'AVE', 'F_CROSS': '2500 W IOWA ST ', 'T_CROSS': '2500 W WALTON ST ', 'MIN_ADDR': '900', 'MAX_ADDR': '925'}, {'FNODE_ID': '3245', 'TNODE_ID': '23168', 'OBJECTID': '39809', 'TRANS_ID': '120326', 'PRE_DIR': 'N', 'STREET_NAM': 'CAMPBELL', 'STREET_TYP': 'AVE', 'F_CROSS': '2499 W RICE ST ', 'T_CROSS': '2500 W IOWA ST ', 'MIN_ADDR': '828', 'MAX_ADDR': '859'}]"

2012,1,"$15,011.00",Streets & Transportation,Pedestrian Countdown,N WESTERN AVE & W NORTH AVE,"['N WESTERN AVE', 'W NORTH AVE']","[{'FNODE_ID': '27291', 'TNODE_ID': '13907', 'OBJECTID': '26269', 'TRANS_ID': '143256', 'PRE_DIR': 'N', 'STREET_NAM': 'WESTERN', 'STREET_TYP': 'AVE', 'F_CROSS': '2400 W LE MOYNE ST ', 'T_CROSS': '2400 W NORTH AVE ', 'MIN_ADDR': '1500', 'MAX_ADDR': '1559'}, {'FNODE_ID': '13907', 'TNODE_ID': '14035', 'OBJECTID': '25871', 'TRANS_ID': '143293', 'PRE_DIR': 'N', 'STREET_NAM': 'WESTERN', 'STREET_TYP': 'AVE', 'F_CROSS': '2400 W NORTH AVE ', 'T_CROSS': '2400 W WABANSIA AVE ', 'MIN_ADDR': '1600', 'MAX_ADDR': '1663'}]"

2012,1,"$11,000.00",Lighting,Street Light Arterial,W POTOMAC AVE & N LEAVITT ST,"['W POTOMAC AVE', 'N LEAVITT ST']","[{'FNODE_ID': '23054', 'TNODE_ID': '31521', 'OBJECTID': '17007', 'TRANS_ID': '117000', 'PRE_DIR': 'W', 'STREET_NAM': 'POTOMAC', 'STREET_TYP': 'AVE', 'F_CROSS': '1300 N LEAVITT ST ', 'T_CROSS': '1300 N BELL AVE ', 'MIN_ADDR': '2200', 'MAX_ADDR': '2225'}, {'FNODE_ID': '8193', 'TNODE_ID': '23054', 'OBJECTID': '24746', 'TRANS_ID': '116999', 'PRE_DIR': 'W', 'STREET_NAM': 'POTOMAC', 'STREET_TYP': 'AVE', 'F_CROSS': '1300 N HOYNE AVE ', 'T_CROSS': '1300 N LEAVITT ST ', 'MIN_ADDR': '2100', 'MAX_ADDR': '2159'}]"

2012,1,"$128,000.00",Lighting,Street Light Residential Staggered Piggy Back Menu,ON ROCKWELL FROM W BLOOMINGDALE AV (1800 N) TO W NORTH AV (1600 N),"['ROCKWELL', 'W BLOOMINGDALE AVE', 'W NORTH AVE']","[{'FNODE_ID': '13910', 'TNODE_ID': '2817', 'OBJECTID': '12234', 'TRANS_ID': '109512', 'PRE_DIR': 'N', 'STREET_NAM': 'ROCKWELL', 'STREET_TYP': 'ST', 'F_CROSS': '2600 W NORTH AVE ', 'T_CROSS': '2600 W WABANSIA AVE ', 'MIN_ADDR': '1600', 'MAX_ADDR': '1659'}, {'FNODE_ID': '13910', 'TNODE_ID': '2817', 'OBJECTID': '12234', 'TRANS_ID': '109512', 'PRE_DIR': 'N', 'STREET_NAM': 'ROCKWELL', 'STREET_TYP': 'ST', 'F_CROSS': '2600 W NORTH AVE ', 'T_CROSS': '2600 W WABANSIA AVE ', 'MIN_ADDR': '1600', 'MAX_ADDR': '1659'}, {'FNODE_ID': '27240', 'TNODE_ID': '16269', 'OBJECTID': '25863', 'TRANS_ID': '153344', 'PRE_DIR': 'N', 'STREET_NAM': 'ROCKWELL', 'STREET_TYP': 'ST', 'F_CROSS': '1761 N   ', 'T_CROSS': '2600 W BLOOMINGDALE AVE ', 'MIN_ADDR': '1762', 'MAX_ADDR': '1763'}]"

2012,1,"$1,400.00",Lighting,Street Light Upgrade,ON WINCHESTER FROM W AUGUSTA BV (1000 N) TO W THOMAS ST (1100 N),"['WINCHESTER', 'W AUGUSTA BV', 'W THOMAS ST']","[{'FNODE_ID': '24680', 'TNODE_ID': '37705', 'OBJECTID': '67238', 'TRANS_ID': '164314', 'PRE_DIR': 'N', 'STREET_NAM': 'WINCHESTER', 'STREET_TYP': 'AVE', 'F_CROSS': '1933 W THOMAS ST ', 'T_CROSS': '1117 N   ', 'MIN_ADDR': '1100', 'MAX_ADDR': '1115'}, {'FNODE_ID': '24680', 'TNODE_ID': '37705', 'OBJECTID': '67238', 'TRANS_ID': '164314', 'PRE_DIR': 'N', 'STREET_NAM': 'WINCHESTER', 'STREET_TYP': 'AVE', 'F_CROSS': '1933 W THOMAS ST ', 'T_CROSS': '1117 N   ', 'MIN_ADDR': '1100', 'MAX_ADDR': '1115'}]"

2012,1,$700.00,Lighting,Street Light Upgrade,ON STAVE FROM W ARMITAGE AV (2000 N) TO W FRANCIS PL (2064 N),"['STAVE', 'W ARMITAGE AVE', 'W FRANCIS PL']","[{'FNODE_ID': '34310', 'TNODE_ID': '34306', 'OBJECTID': '14697', 'TRANS_ID': '109110', 'PRE_DIR': 'N', 'STREET_NAM': 'STAVE', 'STREET_TYP': 'ST', 'F_CROSS': '2700 W FRANCIS PL ', 'T_CROSS': '2700 W ST HELEN ST ', 'MIN_ADDR': '2100', 'MAX_ADDR': '2111'}, {'FNODE_ID': '34310', 'TNODE_ID': '34306', 'OBJECTID': '14697', 'TRANS_ID': '109110', 'PRE_DIR': 'N', 'STREET_NAM': 'STAVE', 'STREET_TYP': 'ST', 'F_CROSS': '2700 W FRANCIS PL ', 'T_CROSS': '2700 W ST HELEN ST ', 'MIN_ADDR': '2100', 'MAX_ADDR': '2111'}]"

2012,1,$350.00,Lighting,Street Light Upgrade,ON BINGHAM FROM W ARMITAGE AV (2000 N) TO W FRANCIS PL (2104 N),"['BINGHAM', 'W ARMITAGE AVE', 'W FRANCIS PL']",[]

2012,1,$700.00,Lighting,Street Light Upgrade,1300 N LEAVITT ST,['N LEAVITT ST'],[]

2012,1,$400.00,Lighting,Street Light Upgrade,N CAMPBELL AVE & W IOWA ST,"['N CAMPBELL AVE', 'W IOWA ST']","[{'FNODE_ID': '23168', 'TNODE_ID': '23150', 'OBJECTID': '28865', 'TRANS_ID': '120339', 'PRE_DIR': 'N', 'STREET_NAM': 'CAMPBELL', 'STREET_TYP': 'AVE', 'F_CROSS': '2500 W IOWA ST ', 'T_CROSS': '2500 W WALTON ST ', 'MIN_ADDR': '900', 'MAX_ADDR': '925'}, {'FNODE_ID': '3245', 'TNODE_ID': '23168', 'OBJECTID': '39809', 'TRANS_ID': '120326', 'PRE_DIR': 'N', 'STREET_NAM': 'CAMPBELL', 'STREET_TYP': 'AVE', 'F_CROSS': '2499 W RICE ST ', 'T_CROSS': '2500 W IOWA ST ', 'MIN_ADDR': '828', 'MAX_ADDR': '859'}]"

2012,1,"$1,400.00",Lighting,Street Light Upgrade,ON SUPERIOR FROM N DAMEN AV (2000 W) TO N WOOD ST (1800 W),"['SUPERIOR', 'N DAMEN AVE', 'N WOOD ST']","[{'FNODE_ID': '24310', 'TNODE_ID': '31149', 'OBJECTID': '2761', 'TRANS_ID': '116386', 'PRE_DIR': 'W', 'STREET_NAM': 'SUPERIOR', 'STREET_TYP': 'ST', 'F_CROSS': '733 N WOLCOTT AVE ', 'T_CROSS': '733 N DAMEN AVE ', 'MIN_ADDR': '1900', 'MAX_ADDR': '1959'}, {'FNODE_ID': '3634', 'TNODE_ID': '24310', 'OBJECTID': '43994', 'TRANS_ID': '116385', 'PRE_DIR': 'W', 'STREET_NAM': 'SUPERIOR', 'STREET_TYP': 'ST', 'F_CROSS': '733 N WOOD ST ', 'T_CROSS': '733 N WOLCOTT AVE ', 'MIN_ADDR': '1800', 'MAX_ADDR': '1859'}, {'FNODE_ID': '3634', 'TNODE_ID': '24310', 'OBJECTID': '43994', 'TRANS_ID': '116385', 'PRE_DIR': 'W', 'STREET_NAM': 'SUPERIOR', 'STREET_TYP': 'ST', 'F_CROSS': '733 N WOOD ST ', 'T_CROSS': '733 N WOLCOTT AVE ', 'MIN_ADDR': '1800', 'MAX_ADDR': '1859'}]"

2012,2,"$11,547.00",Streets & Transportation,Alley Apron Menu,ON W VAN BUREN ST FROM 1534 W TO S LAFLIN ST (1500 W),"['W VAN BUREN ST', 'S LAFLIN ST']","[{'FNODE_ID': '20577', 'TNODE_ID': '18506', 'OBJECTID': '30881', 'TRANS_ID': '117381', 'PRE_DIR': 'W', 'STREET_NAM': 'VAN BUREN', 'STREET_TYP': 'ST', 'F_CROSS': '400 S LOOMIS ST ', 'T_CROSS': '399 S LAFLIN ST ', 'MIN_ADDR': '1400', 'MAX_ADDR': '1461'}, {'FNODE_ID': '18506', 'TNODE_ID': '18507', 'OBJECTID': '31932', 'TRANS_ID': '146434', 'PRE_DIR': 'W', 'STREET_NAM': 'VAN BUREN', 'STREET_TYP': 'ST', 'F_CROSS': '399 S LAFLIN ST ', 'T_CROSS': '1539 W   ', 'MIN_ADDR': '1500', 'MAX_ADDR': '1537'}]"

2012,2,"$11,545.00",Streets & Transportation,Alley Apron Menu,ON S ASHLAND AVE FROM 333 S TO W JACKSON BV (300 S),"['S ASHLAND AVE', 'W JACKSON BV']",[]

2012,2,"$8,268.00",Streets & Transportation,Alley Apron Menu,ON S LOOMIS ST FROM S TO W FILLMORE ST (1050 S),"['S LOOMIS ST', 'W FILLMORE ST']","[{'FNODE_ID': '18754', 'TNODE_ID': '26582', 'OBJECTID': '3726', 'TRANS_ID': '118448', 'PRE_DIR': 'S', 'STREET_NAM': 'LOOMIS', 'STREET_TYP': 'ST', 'F_CROSS': '1400 W TAYLOR ST ', 'T_CROSS': '1400 W FILLMORE ST ', 'MIN_ADDR': '1000', 'MAX_ADDR': '1021'}, {'FNODE_ID': '26582', 'TNODE_ID': '28244', 'OBJECTID': '14313', 'TRANS_ID': '118449', 'PRE_DIR': 'S', 'STREET_NAM': 'LOOMIS', 'STREET_TYP': 'ST', 'F_CROSS': '1400 W FILLMORE ST ', 'T_CROSS': '1399 W GRENSHAW ST ', 'MIN_ADDR': '1100', 'MAX_ADDR': '1125'}]"

2012,2,"$9,686.00",Streets & Transportation,Alley Apron Menu,ON S LAFLIN ST FROM 1013 S TO W FILLMORE ST (1050 S),"['S LAFLIN ST', 'W FILLMORE ST']","[{'FNODE_ID': '354', 'TNODE_ID': '18394', 'OBJECTID': '7703', 'TRANS_ID': '118469', 'PRE_DIR': 'S', 'STREET_NAM': 'LAFLIN', 'STREET_TYP': 'ST', 'F_CROSS': '1500 W TAYLOR ST ', 'T_CROSS': '1500 W FILLMORE ST ', 'MIN_ADDR': '1000', 'MAX_ADDR': '1021'}, {'FNODE_ID': '18394', 'TNODE_ID': '28240', 'OBJECTID': '8942', 'TRANS_ID': '147384', 'PRE_DIR': 'S', 'STREET_NAM': 'LAFLIN', 'STREET_TYP': 'ST', 'F_CROSS': '1500 W FILLMORE ST ', 'T_CROSS': '1113 S   ', 'MIN_ADDR': '1100', 'MAX_ADDR': '1111'}]"

2012,2,"$39,539.00",Streets & Transportation,Alley Resurfacing Menu,W MADISON ST & W MONROE ST & S WESTERN AVE & S CAMPBELL AVE,"['W MADISON ST', 'W MONROE ST', 'S WESTERN AVE', 'S CAMPBELL AVE']","[{'FNODE_ID': '4553', 'TNODE_ID': '20071', 'OBJECTID': '36871', 'TRANS_ID': '121229', 'PRE_DIR': 'W', 'STREET_NAM': 'MADISON', 'STREET_TYP': 'ST', 'F_CROSS': '2 S CAMPBELL AVE ', 'T_CROSS': '2 S ROCKWELL ST ', 'MIN_ADDR': '2506', 'MAX_ADDR': '2568'}, {'FNODE_ID': '4553', 'TNODE_ID': '20071', 'OBJECTID': '36871', 'TRANS_ID': '121229', 'PRE_DIR': 'W', 'STREET_NAM': 'MADISON', 'STREET_TYP': 'ST', 'F_CROSS': '2 S CAMPBELL AVE ', 'T_CROSS': '2 S ROCKWELL ST ', 'MIN_ADDR': '2506', 'MAX_ADDR': '2568'}, {'FNODE_ID': '4551', 'TNODE_ID': '31968', 'OBJECTID': '10531', 'TRANS_ID': '118709', 'PRE_DIR': 'S', 'STREET_NAM': 'WESTERN', 'STREET_TYP': 'AVE', 'F_CROSS': '2400 W MADISON ST ', 'T_CROSS': '2400 W MONROE ST ', 'MIN_ADDR': '1', 'MAX_ADDR': '29'}]"

2012,2,"$6,638.00",Streets & Transportation,Alley Resurfacing Menu,ON LOOMIS FROM W TAYLOR ST (1000 S) TO W FILLMORE ST (1050 S),"['LOOMIS', 'W TAYLOR ST', 'W FILLMORE ST']","[{'FNODE_ID': '26582', 'TNODE_ID': '28244', 'OBJECTID': '14313', 'TRANS_ID': '118449', 'PRE_DIR': 'S', 'STREET_NAM': 'LOOMIS', 'STREET_TYP': 'ST', 'F_CROSS': '1400 W FILLMORE ST ', 'T_CROSS': '1399 W GRENSHAW ST ', 'MIN_ADDR': '1100', 'MAX_ADDR': '1125'}, {'FNODE_ID': '26582', 'TNODE_ID': '28244', 'OBJECTID': '14313', 'TRANS_ID': '118449', 'PRE_DIR': 'S', 'STREET_NAM': 'LOOMIS', 'STREET_TYP': 'ST', 'F_CROSS': '1400 W FILLMORE ST ', 'T_CROSS': '1399 W GRENSHAW ST ', 'MIN_ADDR': '1100', 'MAX_ADDR': '1125'}, {'FNODE_ID': '8676', 'TNODE_ID': '18754', 'OBJECTID': '33398', 'TRANS_ID': '118447', 'PRE_DIR': 'S', 'STREET_NAM': 'LOOMIS', 'STREET_TYP': 'ST', 'F_CROSS': '1399 W ARTHINGTON ST ', 'T_CROSS': '1400 W TAYLOR ST ', 'MIN_ADDR': '900', 'MAX_ADDR': '929'}]"

2012,2,"$12,736.00",Streets & Transportation,Alley Resurfacing Menu,S MORGAN ST & S SANGAMON ST & W MONROE ST & W ADAMS ST,"['S MORGAN ST', 'S SANGAMON ST', 'W MONROE ST', 'W ADAMS ST']","[{'FNODE_ID': '36739', 'TNODE_ID': '4785', 'OBJECTID': '36014', 'TRANS_ID': '142074', 'PRE_DIR': 'S', 'STREET_NAM': 'MORGAN', 'STREET_TYP': 'ST', 'F_CROSS': '999 W 115TH PL ', 'T_CROSS': '11541 S SANGAMON ST ', 'MIN_ADDR': '11526', 'MAX_ADDR': '11549'}, {'FNODE_ID': '33672', 'TNODE_ID': '20363', 'OBJECTID': '55568', 'TRANS_ID': '116742', 'PRE_DIR': 'S', 'STREET_NAM': 'MORGAN', 'STREET_TYP': 'ST', 'F_CROSS': '1000 W ADAMS ST ', 'T_CROSS': '1000 W QUINCY ST ', 'MIN_ADDR': '200', 'MAX_ADDR': '219'}, {'FNODE_ID': '33672', 'TNODE_ID': '20363', 'OBJECTID': '55568', 'TRANS_ID': '116742', 'PRE_DIR': 'S', 'STREET_NAM': 'MORGAN', 'STREET_TYP': 'ST', 'F_CROSS': '1000 W ADAMS ST ', 'T_CROSS': '1000 W QUINCY ST ', 'MIN_ADDR': '200', 'MAX_ADDR': '219'}, {'FNODE_ID': '26211', 'TNODE_ID': '4573', 'OBJECTID': '15062', 'TRANS_ID': '116760', 'PRE_DIR': 'W', 'STREET_NAM': 'MONROE', 'STREET_TYP': 'ST', 'F_CROSS': '100 S PEORIA ST ', 'T_CROSS': '100 S SANGAMON ST ', 'MIN_ADDR': '900', 'MAX_ADDR': '925'}]"

2012,2,"$2,981.00",Streets & Transportation,Alley Resurfacing Menu,S WABASH AVE & S WABASH AVE & E CERMAK RD & E 23RD ST,"['S WABASH AVE', 'E CERMAK RD', 'E 23RD ST']","[{'FNODE_ID': '29219', 'TNODE_ID': '31222', 'OBJECTID': '38807', 'TRANS_ID': '119363', 'PRE_DIR': 'S', 'STREET_NAM': 'WABASH', 'STREET_TYP': 'AVE', 'F_CROSS': '42 E 21ST ST ', 'T_CROSS': '42 E CERMAK RD ', 'MIN_ADDR': '2100', 'MAX_ADDR': '2143'}, {'FNODE_ID': '35349', 'TNODE_ID': '19077', 'OBJECTID': '46601', 'TRANS_ID': '119244', 'PRE_DIR': 'S', 'STREET_NAM': 'WABASH', 'STREET_TYP': 'AVE', 'F_CROSS': '44 E 23RD ST ', 'T_CROSS': '44 E 24TH ST ', 'MIN_ADDR': '2300', 'MAX_ADDR': '2359'}, {'FNODE_ID': '35349', 'TNODE_ID': '19077', 'OBJECTID': '46601', 'TRANS_ID': '119244', 'PRE_DIR': 'S', 'STREET_NAM': 'WABASH', 'STREET_TYP': 'AVE', 'F_CROSS': '44 E 23RD ST ', 'T_CROSS': '44 E 24TH ST ', 'MIN_ADDR': '2300', 'MAX_ADDR': '2359'}]"

2012,2,$800.00,Streets & Transportation,Bollard Menu,ON S ASHLAND AVE FROM S TO W VAN BUREN ST (400 S),"['S ASHLAND AVE', 'W VAN BUREN ST']","[{'FNODE_ID': '17996', 'TNODE_ID': '28765', 'OBJECTID': '18931', 'TRANS_ID': '116815', 'PRE_DIR': 'S', 'STREET_NAM': 'ASHLAND', 'STREET_TYP': 'AVE', 'F_CROSS': '315 S   ', 'T_CROSS': '1600 W VAN BUREN ST ', 'MIN_ADDR': '314', 'MAX_ADDR': '341'}, {'FNODE_ID': '28765', 'TNODE_ID': '36736', 'OBJECTID': '45910', 'TRANS_ID': '146346', 'PRE_DIR': 'S', 'STREET_NAM': 'ASHLAND', 'STREET_TYP': 'AVE', 'F_CROSS': '1600 W VAN BUREN ST ', 'T_CROSS': '411 S   ', 'MIN_ADDR': '400', 'MAX_ADDR': '409'}]"

2012,2,"$2,506.00",Streets & Transportation,Curb & Gutter Menu,ON S CALUMET AVE FROM E 18TH ST (1800 S) TO E CULLERTON ST (2000 S),"['S CALUMET AVE', 'E 18TH ST', 'E CULLERTON ST']","[{'FNODE_ID': '35096', 'TNODE_ID': '21871', 'OBJECTID': '10883', 'TRANS_ID': '119601', 'PRE_DIR': 'S', 'STREET_NAM': 'CALUMET', 'STREET_TYP': 'AVE', 'F_CROSS': '339 E CULLERTON ST ', 'T_CROSS': '339 E 21ST ST ', 'MIN_ADDR': '2000', 'MAX_ADDR': '2039'}, {'FNODE_ID': '35096', 'TNODE_ID': '21871', 'OBJECTID': '10883', 'TRANS_ID': '119601', 'PRE_DIR': 'S', 'STREET_NAM': 'CALUMET', 'STREET_TYP': 'AVE', 'F_CROSS': '339 E CULLERTON ST ', 'T_CROSS': '339 E 21ST ST ', 'MIN_ADDR': '2000', 'MAX_ADDR': '2039'}]"

2012,2,"$73,623.00",Streets & Transportation,Curb & Gutter Menu,ON W HARRISON ST FROM S WASHTENAW AV (2700 W) TO S CALIFORNIA AV (2800 W),"['W HARRISON ST', 'S WASHTENAW AVE', 'S CALIFORNIA AVE']","[{'FNODE_ID': '22786', 'TNODE_ID': '2153', 'OBJECTID': '16632', 'TRANS_ID': '121743', 'PRE_DIR': 'W', 'STREET_NAM': 'HARRISON', 'STREET_TYP': 'ST', 'F_CROSS': '600 S CALIFORNIA AVE ', 'T_CROSS': '600 S FRANCISCO AVE ', 'MIN_ADDR': '2800', 'MAX_ADDR': '2859'}, {'FNODE_ID': '22786', 'TNODE_ID': '2153', 'OBJECTID': '16632', 'TRANS_ID': '121743', 'PRE_DIR': 'W', 'STREET_NAM': 'HARRISON', 'STREET_TYP': 'ST', 'F_CROSS': '600 S CALIFORNIA AVE ', 'T_CROSS': '600 S FRANCISCO AVE ', 'MIN_ADDR': '2800', 'MAX_ADDR': '2859'}, {'FNODE_ID': '17830', 'TNODE_ID': '29261', 'OBJECTID': '45096', 'TRANS_ID': '153147', 'PRE_DIR': 'W', 'STREET_NAM': 'HARRISON', 'STREET_TYP': 'ST', 'F_CROSS': '2599 W   ', 'T_CROSS': '600 S WASHTENAW AVE ', 'MIN_ADDR': '2600', 'MAX_ADDR': '2661'}]"

2012,2,"$29,712.00",Streets & Transportation,Sidewalk Menu,ON S WABASH AVE FROM E 24 ST (2400 S) TO E 24 PL (2432 S),"['S WABASH AVE', 'E 24TH ST', 'E 24TH PL']","[{'FNODE_ID': '35349', 'TNODE_ID': '19077', 'OBJECTID': '46601', 'TRANS_ID': '119244', 'PRE_DIR': 'S', 'STREET_NAM': 'WABASH', 'STREET_TYP': 'AVE', 'F_CROSS': '44 E 23RD ST ', 'T_CROSS': '44 E 24TH ST ', 'MIN_ADDR': '2300', 'MAX_ADDR': '2359'}]"

2012,2,"$3,797.00",Streets & Transportation,Sidewalk Menu,ON N FRANCISCO AVE FROM W WARREN BV (23 N) TO W WASHINGTON BV (100 N),"['N FRANCISCO AVE', 'W WARREN BV', 'W WASHINGTON BV']",[]

2012,2,"$21,113.00",Streets & Transportation,Sidewalk Menu,ON HARRISON FROM S CALIFORNIA AV (2800 W) TO S WASHTENAW AV (2700 W),"['HARRISON', 'S CALIFORNIA AVE', 'S WASHTENAW AVE']","[{'FNODE_ID': '29261', 'TNODE_ID': '22786', 'OBJECTID': '21076', 'TRANS_ID': '121689', 'PRE_DIR': 'W', 'STREET_NAM': 'HARRISON', 'STREET_TYP': 'ST', 'F_CROSS': '600 S WASHTENAW AVE ', 'T_CROSS': '600 S CALIFORNIA AVE ', 'MIN_ADDR': '2700', 'MAX_ADDR': '2759'}, {'FNODE_ID': '29261', 'TNODE_ID': '22786', 'OBJECTID': '21076', 'TRANS_ID': '121689', 'PRE_DIR': 'W', 'STREET_NAM': 'HARRISON', 'STREET_TYP': 'ST', 'F_CROSS': '600 S WASHTENAW AVE ', 'T_CROSS': '600 S CALIFORNIA AVE ', 'MIN_ADDR': '2700', 'MAX_ADDR': '2759'}]"

2012,2,"$3,394.00",Streets & Transportation,Sidewalk Menu,800 S STATE ST,['S STATE ST'],[]

2012,2,$215.00,Streets & Transportation,Sidewalk Menu,ON N CALIFORNIA AVE FROM W WASHINGTON BV (100 N) TO W LAKE ST (200 N),"['N CALIFORNIA AVE', 'W WASHINGTON BV', 'W LAKE ST']","[{'FNODE_ID': '35427', 'TNODE_ID': '15138', 'OBJECTID': '51494', 'TRANS_ID': '121253', 'PRE_DIR': 'N', 'STREET_NAM': 'CALIFORNIA', 'STREET_TYP': 'AVE', 'F_CROSS': '2800 W LAKE ST ', 'T_CROSS': '2800 W WALNUT ST ', 'MIN_ADDR': '200', 'MAX_ADDR': '243'}, {'FNODE_ID': '35427', 'TNODE_ID': '15138', 'OBJECTID': '51494', 'TRANS_ID': '121253', 'PRE_DIR': 'N', 'STREET_NAM': 'CALIFORNIA', 'STREET_TYP': 'AVE', 'F_CROSS': '2800 W LAKE ST ', 'T_CROSS': '2800 W WALNUT ST ', 'MIN_ADDR': '200', 'MAX_ADDR': '243'}]"

2012,2,"$19,182.00",Streets & Transportation,Sidewalk Menu,ON S JEFFERSON ST FROM W TILDEN ST (426 S) TO W VAN BUREN ST (400 S),"['S JEFFERSON ST', 'W TILDEN ST', 'W VAN BUREN ST']","[{'FNODE_ID': '26251', 'TNODE_ID': '33238', 'OBJECTID': '4654', 'TRANS_ID': '117342', 'PRE_DIR': 'S', 'STREET_NAM': 'JEFFERSON', 'STREET_TYP': 'ST', 'F_CROSS': '600 W VAN BUREN ST ', 'T_CROSS': '600 W TILDEN ST ', 'MIN_ADDR': '400', 'MAX_ADDR': '431'}, {'FNODE_ID': '26251', 'TNODE_ID': '33238', 'OBJECTID': '4654', 'TRANS_ID': '117342', 'PRE_DIR': 'S', 'STREET_NAM': 'JEFFERSON', 'STREET_TYP': 'ST', 'F_CROSS': '600 W VAN BUREN ST ', 'T_CROSS': '600 W TILDEN ST ', 'MIN_ADDR': '400', 'MAX_ADDR': '431'}]"

2012,2,"$107,489.00",Streets & Transportation,Street Resurfacing Menu,ON S LAFLIN ST FROM W POLK ST (800 S) TO W FILLMORE,"['S LAFLIN ST', 'W POLK ST']","[{'FNODE_ID': '2203', 'TNODE_ID': '36644', 'OBJECTID': '31608', 'TRANS_ID': '150061', 'PRE_DIR': 'S', 'STREET_NAM': 'LAFLIN', 'STREET_TYP': 'ST', 'F_CROSS': '1500 W POLK ST ', 'T_CROSS': '901 S   ', 'MIN_ADDR': '800', 'MAX_ADDR': '864'}, {'FNODE_ID': '17841', 'TNODE_ID': '2203', 'OBJECTID': '35199', 'TRANS_ID': '118467', 'PRE_DIR': 'S', 'STREET_NAM': 'LAFLIN', 'STREET_TYP': 'ST', 'F_CROSS': '1499 W LEXINGTON ST ', 'T_CROSS': '1500 W POLK ST ', 'MIN_ADDR': '712', 'MAX_ADDR': '737'}]"

2012,2,"$66,167.00",Streets & Transportation,Street Resurfacing Menu,ON W POLK ST FROM S FRANCISCO AV (2900 W) TO S CALIFORNIA AV (2800 W),"['W POLK ST', 'S FRANCISCO AVE', 'S CALIFORNIA AVE']","[{'FNODE_ID': '17521', 'TNODE_ID': '88', 'OBJECTID': '40273', 'TRANS_ID': '122143', 'PRE_DIR': 'W', 'STREET_NAM': 'POLK', 'STREET_TYP': 'ST', 'F_CROSS': '800 S CALIFORNIA AVE ', 'T_CROSS': '800 S FRANCISCO AVE ', 'MIN_ADDR': '2800', 'MAX_ADDR': '2859'}, {'FNODE_ID': '17521', 'TNODE_ID': '88', 'OBJECTID': '40273', 'TRANS_ID': '122143', 'PRE_DIR': 'W', 'STREET_NAM': 'POLK', 'STREET_TYP': 'ST', 'F_CROSS': '800 S CALIFORNIA AVE ', 'T_CROSS': '800 S FRANCISCO AVE ', 'MIN_ADDR': '2800', 'MAX_ADDR': '2859'}]"

2012,2,"$135,686.00",Streets & Transportation,Street Resurfacing Menu,ON S SANGAMON ST FROM W JACKSON BV (300 S) TO Dead End (414 S),"['S SANGAMON ST', 'W JACKSON BV']",[]

2012,2,"$35,504.00",Streets & Transportation,Street Resurfacing Menu,ON S THROOP ST FROM W WASHBURNE AV (1225 S) TO W ROOSEVELT RD (1200 S),"['S THROOP ST', 'W WASHBURNE AVE', 'W ROOSEVELT RD']","[{'FNODE_ID': '26583', 'TNODE_ID': '18644', 'OBJECTID': '46489', 'TRANS_ID': '150820', 'PRE_DIR': 'S', 'STREET_NAM': 'THROOP', 'STREET_TYP': 'ST', 'F_CROSS': '1300 W ROOSEVELT RD ', 'T_CROSS': '1300 W WASHBURNE AVE ', 'MIN_ADDR': '1200', 'MAX_ADDR': '1231'}, {'FNODE_ID': '26583', 'TNODE_ID': '18644', 'OBJECTID': '46489', 'TRANS_ID': '150820', 'PRE_DIR': 'S', 'STREET_NAM': 'THROOP', 'STREET_TYP': 'ST', 'F_CROSS': '1300 W ROOSEVELT RD ', 'T_CROSS': '1300 W WASHBURNE AVE ', 'MIN_ADDR': '1200', 'MAX_ADDR': '1231'}]"

2012,2,"$108,718.00",Streets & Transportation,Street Resurfacing Menu,ON S THROOP ST FROM W TAYLOR ST (1000 S) TO W ROOSEVELT RD (1200 S),"['S THROOP ST', 'W TAYLOR ST', 'W ROOSEVELT RD']","[{'FNODE_ID': '26583', 'TNODE_ID': '18644', 'OBJECTID': '46489', 'TRANS_ID': '150820', 'PRE_DIR': 'S', 'STREET_NAM': 'THROOP', 'STREET_TYP': 'ST', 'F_CROSS': '1300 W ROOSEVELT RD ', 'T_CROSS': '1300 W WASHBURNE AVE ', 'MIN_ADDR': '1200', 'MAX_ADDR': '1231'}, {'FNODE_ID': '26583', 'TNODE_ID': '18644', 'OBJECTID': '46489', 'TRANS_ID': '150820', 'PRE_DIR': 'S', 'STREET_NAM': 'THROOP', 'STREET_TYP': 'ST', 'F_CROSS': '1300 W ROOSEVELT RD ', 'T_CROSS': '1300 W WASHBURNE AVE ', 'MIN_ADDR': '1200', 'MAX_ADDR': '1231'}]"

2012,2,"$5,500.00",Lighting,Floodlight Menu,ON LAKE FROM N ALBANY AV (3100 W) TO N SACRAMENTO BV (3000 W),"['LAKE', 'N ALBANY AVE', 'N SACRAMENTO BV']","[{'FNODE_ID': '15219', 'TNODE_ID': '16224', 'OBJECTID': '10909', 'TRANS_ID': '121292', 'PRE_DIR': 'W', 'STREET_NAM': 'LAKE', 'STREET_TYP': 'ST', 'F_CROSS': '200 N SACRAMENTO BLVD ', 'T_CROSS': '200 N ALBANY AVE ', 'MIN_ADDR': '3000', 'MAX_ADDR': '3059'}]"

2012,2,"$11,500.00",Streets & Transportation,Left-Turn Arrow Menu,S CLARK ST & W HARRISON ST,"['S CLARK ST', 'W HARRISON ST']","[{'FNODE_ID': '17818', 'TNODE_ID': '21970', 'OBJECTID': '35209', 'TRANS_ID': '118999', 'PRE_DIR': 'S', 'STREET_NAM': 'CLARK', 'STREET_TYP': 'ST', 'F_CROSS': '100 W HARRISON ST ', 'T_CROSS': '701 S   ', 'MIN_ADDR': '600', 'MAX_ADDR': '659'}, {'FNODE_ID': '13321', 'TNODE_ID': '17818', 'OBJECTID': '45157', 'TRANS_ID': '118976', 'PRE_DIR': 'S', 'STREET_NAM': 'CLARK', 'STREET_TYP': 'ST', 'F_CROSS': '100 W CONGRESS PKWY ', 'T_CROSS': '100 W HARRISON ST ', 'MIN_ADDR': '500', 'MAX_ADDR': '559'}]"

2012,2,"$5,400.00",Lighting,Street Light Piggy Back,ON 32 FROM DR. MARTIN LUTHER KING JR. DR (358 E) TO S GILES AV (300 E),['S GILES AVE'],[]

2012,2,"$8,100.00",Lighting,Street Light Piggy Back,ON 24 FROM S STATE ST (0 E) TO S INDIANA AV (200 E),"['S STATE ST', 'S INDIANA AVE']",[]

2012,2,"$1,500.00",Beautification,Street Light Pole Painting,ON GREEN FROM W ADAMS ST (200 S) TO W VAN BUREN ST (400 S),"['GREEN', 'W ADAMS ST', 'W VAN BUREN ST']","[{'FNODE_ID': '20084', 'TNODE_ID': '20335', 'OBJECTID': '3565', 'TRANS_ID': '116731', 'PRE_DIR': 'S', 'STREET_NAM': 'GREEN', 'STREET_TYP': 'ST', 'F_CROSS': '831 W MONROE ST ', 'T_CROSS': '831 W ADAMS ST ', 'MIN_ADDR': '100', 'MAX_ADDR': '139'}, {'FNODE_ID': '21003', 'TNODE_ID': '18521', 'OBJECTID': '15406', 'TRANS_ID': '147312', 'PRE_DIR': 'S', 'STREET_NAM': 'GREEN', 'STREET_TYP': 'ST', 'F_CROSS': '831 W VAN BUREN ST ', 'T_CROSS': '831 W TILDEN ST ', 'MIN_ADDR': '400', 'MAX_ADDR': '417'}, {'FNODE_ID': '21003', 'TNODE_ID': '18521', 'OBJECTID': '15406', 'TRANS_ID': '147312', 'PRE_DIR': 'S', 'STREET_NAM': 'GREEN', 'STREET_TYP': 'ST', 'F_CROSS': '831 W VAN BUREN ST ', 'T_CROSS': '831 W TILDEN ST ', 'MIN_ADDR': '400', 'MAX_ADDR': '417'}]"

2012,2,"$6,600.00",Beautification,Street Light Pole Painting,ON ROOSEVELT FROM S LOOMIS ST (1400 W) TO S ASHLAND AV (1600 W),"['ROOSEVELT', 'S LOOMIS ST', 'S ASHLAND AVE']","[{'FNODE_ID': '26583', 'TNODE_ID': '5806', 'OBJECTID': '12277', 'TRANS_ID': '115326', 'PRE_DIR': 'W', 'STREET_NAM': 'ROOSEVELT', 'STREET_TYP': 'RD', 'F_CROSS': '1200 S THROOP ST ', 'T_CROSS': '1200 S LOOMIS ST ', 'MIN_ADDR': '1300', 'MAX_ADDR': '1359'}, {'FNODE_ID': '21852', 'TNODE_ID': '18406', 'OBJECTID': '55672', 'TRANS_ID': '115328', 'PRE_DIR': 'W', 'STREET_NAM': 'ROOSEVELT', 'STREET_TYP': 'RD', 'F_CROSS': '1200 S ASHLAND AVE ', 'T_CROSS': '1200 S PAULINA ST ', 'MIN_ADDR': '1600', 'MAX_ADDR': '1659'}, {'FNODE_ID': '21852', 'TNODE_ID': '18406', 'OBJECTID': '55672', 'TRANS_ID': '115328', 'PRE_DIR': 'W', 'STREET_NAM': 'ROOSEVELT', 'STREET_TYP': 'RD', 'F_CROSS': '1200 S ASHLAND AVE ', 'T_CROSS': '1200 S PAULINA ST ', 'MIN_ADDR': '1600', 'MAX_ADDR': '1659'}]"

2012,2,"$2,400.00",Beautification,Street Light Pole Painting,ON VAN BUREN FROM S FRANKLIN ST (300 W) TO S WACKER (UW) DR(320 W),"['VAN BUREN', 'S FRANKLIN ST', 'S WACKER  DR']","[{'FNODE_ID': '20998', 'TNODE_ID': '17245', 'OBJECTID': '47429', 'TRANS_ID': '148919', 'PRE_DIR': 'W', 'STREET_NAM': 'VAN BUREN', 'STREET_TYP': 'ST', 'F_CROSS': '400 S WELLS ST ', 'T_CROSS': '400 S FRANKLIN ST ', 'MIN_ADDR': '200', 'MAX_ADDR': '249'}]"

2012,2,"$1,800.00",Beautification,Street Light Pole Painting,ON S HOYNE AVE FROM W CONGRESS PW (500 S) TO W HARRISON ST (600 S),"['S HOYNE AVE', 'W CONGRESS PW', 'W HARRISON ST']","[{'FNODE_ID': '52', 'TNODE_ID': '17838', 'OBJECTID': '46621', 'TRANS_ID': '117444', 'PRE_DIR': 'S', 'STREET_NAM': 'HOYNE', 'STREET_TYP': 'AVE', 'F_CROSS': '2100 W HARRISON ST ', 'T_CROSS': '2100 W FLOURNOY ST ', 'MIN_ADDR': '600', 'MAX_ADDR': '623'}, {'FNODE_ID': '52', 'TNODE_ID': '17838', 'OBJECTID': '46621', 'TRANS_ID': '117444', 'PRE_DIR': 'S', 'STREET_NAM': 'HOYNE', 'STREET_TYP': 'AVE', 'F_CROSS': '2100 W HARRISON ST ', 'T_CROSS': '2100 W FLOURNOY ST ', 'MIN_ADDR': '600', 'MAX_ADDR': '623'}]"

2012,2,"$5,000.00",Beautification,Street Light Pole Painting,ON POLK FROM S PAULINA ST (1700 W) TO S DAMEN AV (2000 W),"['POLK', 'S PAULINA ST', 'S DAMEN AVE']","[{'FNODE_ID': '21991', 'TNODE_ID': '16050', 'OBJECTID': '12549', 'TRANS_ID': '117936', 'PRE_DIR': 'W', 'STREET_NAM': 'POLK', 'STREET_TYP': 'ST', 'F_CROSS': '800 S DAMEN AVE ', 'T_CROSS': '2064 W OGDEN AVE ', 'MIN_ADDR': '2012', 'MAX_ADDR': '2045'}, {'FNODE_ID': '21991', 'TNODE_ID': '16050', 'OBJECTID': '12549', 'TRANS_ID': '117936', 'PRE_DIR': 'W', 'STREET_NAM': 'POLK', 'STREET_TYP': 'ST', 'F_CROSS': '800 S DAMEN AVE ', 'T_CROSS': '2064 W OGDEN AVE ', 'MIN_ADDR': '2012', 'MAX_ADDR': '2045'}, {'FNODE_ID': '8286', 'TNODE_ID': '8287', 'OBJECTID': '14416', 'TRANS_ID': '117933', 'PRE_DIR': 'W', 'STREET_NAM': 'POLK', 'STREET_TYP': 'ST', 'F_CROSS': '800 S MARSHFIELD AVE ', 'T_CROSS': '800 S PAULINA ST ', 'MIN_ADDR': '1632', 'MAX_ADDR': '1659'}, {'FNODE_ID': '28012', 'TNODE_ID': '21991', 'OBJECTID': '44967', 'TRANS_ID': '117961', 'PRE_DIR': 'W', 'STREET_NAM': 'POLK', 'STREET_TYP': 'ST', 'F_CROSS': '801 S DAMEN AVE ', 'T_CROSS': '800 S DAMEN AVE ', 'MIN_ADDR': '2000', 'MAX_ADDR': '2007'}, {'FNODE_ID': '28012', 'TNODE_ID': '21991', 'OBJECTID': '44967', 'TRANS_ID': '117961', 'PRE_DIR': 'W', 'STREET_NAM': 'POLK', 'STREET_TYP': 'ST', 'F_CROSS': '801 S DAMEN AVE ', 'T_CROSS': '800 S DAMEN AVE ', 'MIN_ADDR': '2000', 'MAX_ADDR': '2007'}]"

2012,2,"$12,000.00",Beautification,Street Light Pole Painting,ON CANAL FROM W 14 PL (1440 S) TO W ROOSEVELT RD (1200 S),"['W 14TH PL', 'W ROOSEVELT RD']",[]

2012,2,"$2,400.00",Beautification,Street Light Pole Painting,ON HERMITAGE FROM W TAYLOR ST (1000 S) TO W ROOSEVELT RD (1200 S),"['HERMITAGE', 'W TAYLOR ST', 'W ROOSEVELT RD']",[]

2012,2,"$18,500.00",Beautification,Street Light Pole Painting,ON MICHIGAN FROM E ROOSEVELT RD (1200 S) TO E HARRISON ST (600 S),"['MICHIGAN', 'E ROOSEVELT RD', 'E HARRISON ST']","[{'FNODE_ID': '1833', 'TNODE_ID': '17835', 'OBJECTID': '28105', 'TRANS_ID': '119045', 'PRE_DIR': 'S', 'STREET_NAM': 'MICHIGAN', 'STREET_TYP': 'AVE', 'F_CROSS': '99 E HARRISON ST ', 'T_CROSS': '100 E BALBO DR ', 'MIN_ADDR': '600', 'MAX_ADDR': '659'}, {'FNODE_ID': '1833', 'TNODE_ID': '17835', 'OBJECTID': '28105', 'TRANS_ID': '119045', 'PRE_DIR': 'S', 'STREET_NAM': 'MICHIGAN', 'STREET_TYP': 'AVE', 'F_CROSS': '99 E HARRISON ST ', 'T_CROSS': '100 E BALBO DR ', 'MIN_ADDR': '600', 'MAX_ADDR': '659'}, {'FNODE_ID': '5767', 'TNODE_ID': '5789', 'OBJECTID': '46839', 'TRANS_ID': '154004', 'PRE_DIR': 'S', 'STREET_NAM': 'MICHIGAN', 'STREET_TYP': 'AVE', 'F_CROSS': '100 E 11TH PL ', 'T_CROSS': '100 E ROOSEVELT RD ', 'MIN_ADDR': '1132', 'MAX_ADDR': '1160'}]"

2012,2,"$4,200.00",Beautification,Street Light Pole Painting,ON 24 FROM S STATE ST (0 E) TO S INDIANA AV (200 E),"['S STATE ST', 'S INDIANA AVE']",[]

2012,2,"$3,600.00",Beautification,Street Light Pole Painting,ON PAULINA FROM W MADISON ST (0 N) TO W JACKSON BV (300 S),"['PAULINA', 'W MADISON ST', 'W JACKSON BV']",[]

2012,2,"$14,100.00",Beautification,Street Light Pole Painting,ON S STATE ST FROM W ROOSEVELT RD (1200 S) TO W 15 ST (1500 S),"['S STATE ST', 'W ROOSEVELT RD', 'W 15TH ST']","[{'FNODE_ID': '5727', 'TNODE_ID': '373', 'OBJECTID': '24629', 'TRANS_ID': '118995', 'PRE_DIR': 'S', 'STREET_NAM': 'STATE', 'STREET_TYP': 'ST', 'F_CROSS': '2 E 11TH ST ', 'T_CROSS': '2 W ROOSEVELT RD ', 'MIN_ADDR': '1100', 'MAX_ADDR': '1168'}, {'FNODE_ID': '10013', 'TNODE_ID': '1100', 'OBJECTID': '33441', 'TRANS_ID': '153046', 'PRE_DIR': 'S', 'STREET_NAM': 'STATE', 'STREET_TYP': 'ST', 'F_CROSS': '2 W 15TH ST ', 'T_CROSS': '1541 S   ', 'MIN_ADDR': '1500', 'MAX_ADDR': '1539'}, {'FNODE_ID': '10013', 'TNODE_ID': '1100', 'OBJECTID': '33441', 'TRANS_ID': '153046', 'PRE_DIR': 'S', 'STREET_NAM': 'STATE', 'STREET_TYP': 'ST', 'F_CROSS': '2 W 15TH ST ', 'T_CROSS': '1541 S   ', 'MIN_ADDR': '1500', 'MAX_ADDR': '1539'}]"

2012,2,"$2,400.00",Beautification,Street Light Pole Painting,ON ADAMS FROM S MORGAN ST (1000 W) TO S GREEN ST (832 W),"['ADAMS', 'S MORGAN ST', 'S GREEN ST']","[{'FNODE_ID': '20335', 'TNODE_ID': '26232', 'OBJECTID': '1707', 'TRANS_ID': '116756', 'PRE_DIR': 'W', 'STREET_NAM': 'ADAMS', 'STREET_TYP': 'ST', 'F_CROSS': '200 S GREEN ST ', 'T_CROSS': '200 S PEORIA ST ', 'MIN_ADDR': '830', 'MAX_ADDR': '857'}, {'FNODE_ID': '20335', 'TNODE_ID': '26232', 'OBJECTID': '1707', 'TRANS_ID': '116756', 'PRE_DIR': 'W', 'STREET_NAM': 'ADAMS', 'STREET_TYP': 'ST', 'F_CROSS': '200 S GREEN ST ', 'T_CROSS': '200 S PEORIA ST ', 'MIN_ADDR': '830', 'MAX_ADDR': '857'}, {'FNODE_ID': '20337', 'TNODE_ID': '33672', 'OBJECTID': '54636', 'TRANS_ID': '116763', 'PRE_DIR': 'W', 'STREET_NAM': 'ADAMS', 'STREET_TYP': 'ST', 'F_CROSS': '200 S SANGAMON ST ', 'T_CROSS': '200 S MORGAN ST ', 'MIN_ADDR': '929', 'MAX_ADDR': '957'}]"

2012,2,"$12,600.00",Beautification,Street Light Pole Painting,ON HARRISON FROM S OAKLEY BV (2300 W) TO S DAMEN AV (2000 W),"['HARRISON', 'S OAKLEY BV', 'S DAMEN AVE']","[{'FNODE_ID': '21960', 'TNODE_ID': '52', 'OBJECTID': '26394', 'TRANS_ID': '116849', 'PRE_DIR': 'W', 'STREET_NAM': 'HARRISON', 'STREET_TYP': 'ST', 'F_CROSS': '600 S DAMEN AVE ', 'T_CROSS': '600 S HOYNE AVE ', 'MIN_ADDR': '2000', 'MAX_ADDR': '2066'}, {'FNODE_ID': '21960', 'TNODE_ID': '52', 'OBJECTID': '26394', 'TRANS_ID': '116849', 'PRE_DIR': 'W', 'STREET_NAM': 'HARRISON', 'STREET_TYP': 'ST', 'F_CROSS': '600 S DAMEN AVE ', 'T_CROSS': '600 S HOYNE AVE ', 'MIN_ADDR': '2000', 'MAX_ADDR': '2066'}]"

2012,2,"$8,600.00",Beautification,Street Light Pole Painting,ON VAN BUREN FROM S STATE ST (0 E) TO S CONGRESS PLAZA DR (131 E),"['VAN BUREN', 'S STATE ST', 'S CONGRESS PLAZA DR']",[]

2012,2,"$2,400.00",Beautification,Street Light Pole Painting,ON MONROE FROM S MORGAN ST (1000 W) TO S PEORIA ST (900 W),"['MONROE', 'S MORGAN ST', 'S PEORIA ST']","[{'FNODE_ID': '26211', 'TNODE_ID': '4573', 'OBJECTID': '15062', 'TRANS_ID': '116760', 'PRE_DIR': 'W', 'STREET_NAM': 'MONROE', 'STREET_TYP': 'ST', 'F_CROSS': '100 S PEORIA ST ', 'T_CROSS': '100 S SANGAMON ST ', 'MIN_ADDR': '900', 'MAX_ADDR': '925'}, {'FNODE_ID': '26211', 'TNODE_ID': '4573', 'OBJECTID': '15062', 'TRANS_ID': '116760', 'PRE_DIR': 'W', 'STREET_NAM': 'MONROE', 'STREET_TYP': 'ST', 'F_CROSS': '100 S PEORIA ST ', 'T_CROSS': '100 S SANGAMON ST ', 'MIN_ADDR': '900', 'MAX_ADDR': '925'}, {'FNODE_ID': '4573', 'TNODE_ID': '28833', 'OBJECTID': '32606', 'TRANS_ID': '116765', 'PRE_DIR': 'W', 'STREET_NAM': 'MONROE', 'STREET_TYP': 'ST', 'F_CROSS': '100 S SANGAMON ST ', 'T_CROSS': '100 S MORGAN ST ', 'MIN_ADDR': '930', 'MAX_ADDR': '957'}]"

2012,2,"$3,300.00",Beautification,Street Light Pole Painting,ON PAULINA FROM W HARRISON ST (600 S) TO W POLK ST (800 S),"['PAULINA', 'W HARRISON ST', 'W POLK ST']","[{'FNODE_ID': '8287', 'TNODE_ID': '17526', 'OBJECTID': '2428', 'TRANS_ID': '145397', 'PRE_DIR': 'S', 'STREET_NAM': 'PAULINA', 'STREET_TYP': 'ST', 'F_CROSS': '1700 W POLK ST ', 'T_CROSS': '901 S   ', 'MIN_ADDR': '800', 'MAX_ADDR': '840'}, {'FNODE_ID': '8287', 'TNODE_ID': '17526', 'OBJECTID': '2428', 'TRANS_ID': '145397', 'PRE_DIR': 'S', 'STREET_NAM': 'PAULINA', 'STREET_TYP': 'ST', 'F_CROSS': '1700 W POLK ST ', 'T_CROSS': '901 S   ', 'MIN_ADDR': '800', 'MAX_ADDR': '840'}, {'FNODE_ID': '24009', 'TNODE_ID': '2120', 'OBJECTID': '32076', 'TRANS_ID': '154526', 'PRE_DIR': 'S', 'STREET_NAM': 'PAULINA', 'STREET_TYP': 'ST', 'F_CROSS': '1700 W CONGRESS PKWY ', 'T_CROSS': '1700 W HARRISON ST ', 'MIN_ADDR': '500', 'MAX_ADDR': '559'}]"

2012,2,"$1,200.00",Beautification,Street Light Pole Painting,ON S WOLCOTT AVE FROM W GRENSHAW ST (1120 S) TO W ROOSEVELT RD (1200 S),"['S WOLCOTT AVE', 'W GRENSHAW ST', 'W ROOSEVELT RD']","[{'FNODE_ID': '18407', 'TNODE_ID': '6191', 'OBJECTID': '14839', 'TRANS_ID': '114909', 'PRE_DIR': 'S', 'STREET_NAM': 'WOLCOTT', 'STREET_TYP': 'AVE', 'F_CROSS': '1900 W ROOSEVELT RD ', 'T_CROSS': '1900 W WASHBURNE AVE ', 'MIN_ADDR': '1200', 'MAX_ADDR': '1221'}, {'FNODE_ID': '18407', 'TNODE_ID': '6191', 'OBJECTID': '14839', 'TRANS_ID': '114909', 'PRE_DIR': 'S', 'STREET_NAM': 'WOLCOTT', 'STREET_TYP': 'AVE', 'F_CROSS': '1900 W ROOSEVELT RD ', 'T_CROSS': '1900 W WASHBURNE AVE ', 'MIN_ADDR': '1200', 'MAX_ADDR': '1221'}, {'FNODE_ID': '21843', 'TNODE_ID': '5795', 'OBJECTID': '29031', 'TRANS_ID': '147360', 'PRE_DIR': 'S', 'STREET_NAM': 'WOLCOTT', 'STREET_TYP': 'AVE', 'F_CROSS': '  DEAD END  ', 'T_CROSS': '1899 W GRENSHAW ST ', 'MIN_ADDR': '1120', 'MAX_ADDR': '1125'}]"

2012,2,"$6,000.00",Beautification,Street Light Pole Painting,ON LAKE FROM N ALBANY AV (3100 W) TO N SACRAMENTO BV (3000 W),"['LAKE', 'N ALBANY AVE', 'N SACRAMENTO BV']","[{'FNODE_ID': '15219', 'TNODE_ID': '16224', 'OBJECTID': '10909', 'TRANS_ID': '121292', 'PRE_DIR': 'W', 'STREET_NAM': 'LAKE', 'STREET_TYP': 'ST', 'F_CROSS': '200 N SACRAMENTO BLVD ', 'T_CROSS': '200 N ALBANY AVE ', 'MIN_ADDR': '3000', 'MAX_ADDR': '3059'}]"

2012,2,"$7,500.00",Beautification,Street Light Pole Painting,ON TAYLOR FROM S LOOMIS ST (1400 W) TO S RACINE AV (1200 W),"['TAYLOR', 'S LOOMIS ST', 'S RACINE AVE']","[{'FNODE_ID': '34798', 'TNODE_ID': '5728', 'OBJECTID': '12203', 'TRANS_ID': '118460', 'PRE_DIR': 'W', 'STREET_NAM': 'TAYLOR', 'STREET_TYP': 'ST', 'F_CROSS': '1000 S RACINE AVE ', 'T_CROSS': '1000 S LYTLE ST ', 'MIN_ADDR': '1200', 'MAX_ADDR': '1230'}, {'FNODE_ID': '34798', 'TNODE_ID': '5728', 'OBJECTID': '12203', 'TRANS_ID': '118460', 'PRE_DIR': 'W', 'STREET_NAM': 'TAYLOR', 'STREET_TYP': 'ST', 'F_CROSS': '1000 S RACINE AVE ', 'T_CROSS': '1000 S LYTLE ST ', 'MIN_ADDR': '1200', 'MAX_ADDR': '1230'}, {'FNODE_ID': '35090', 'TNODE_ID': '18754', 'OBJECTID': '37967', 'TRANS_ID': '118463', 'PRE_DIR': 'W', 'STREET_NAM': 'TAYLOR', 'STREET_TYP': 'ST', 'F_CROSS': '999 S ADA ST ', 'T_CROSS': '1000 S LOOMIS ST ', 'MIN_ADDR': '1322', 'MAX_ADDR': '1359'}]"

2012,2,"$6,000.00",Beautification,Street Light Pole Painting,ON W CONGRESS PKWY FROM W OGDEN AV (1875 W) TO S,"['W CONGRESS PKWY', 'W OGDEN AVE']","[{'FNODE_ID': '29242', 'TNODE_ID': '34705', 'OBJECTID': '6667', 'TRANS_ID': '118711', 'PRE_DIR': 'W', 'STREET_NAM': 'CONGRESS', 'STREET_TYP': 'PKWY', 'F_CROSS': '1885 W OGDEN AVE ', 'T_CROSS': '500 S WOLCOTT AVE ', 'MIN_ADDR': '1854', 'MAX_ADDR': '1859'}, {'FNODE_ID': '1816', 'TNODE_ID': '29242', 'OBJECTID': '19641', 'TRANS_ID': '116826', 'PRE_DIR': 'W', 'STREET_NAM': 'CONGRESS', 'STREET_TYP': 'PKWY', 'F_CROSS': '500 S WOOD ST ', 'T_CROSS': '1885 W OGDEN AVE ', 'MIN_ADDR': '1800', 'MAX_ADDR': '1849'}]"

2012,2,"$24,000.00",Beautification,Street Light Pole Painting,ON ROOSEVELT FROM S ASHLAND AV (1600 W) TO S DAMEN AV (2000 W),"['ROOSEVELT', 'S ASHLAND AVE', 'S DAMEN AVE']","[{'FNODE_ID': '384', 'TNODE_ID': '6159', 'OBJECTID': '3579', 'TRANS_ID': '115851', 'PRE_DIR': 'W', 'STREET_NAM': 'ROOSEVELT', 'STREET_TYP': 'RD', 'F_CROSS': '1200 S DAMEN AVE ', 'T_CROSS': '1199 S HOYNE AVE ', 'MIN_ADDR': '2009', 'MAX_ADDR': '2056'}, {'FNODE_ID': '384', 'TNODE_ID': '6159', 'OBJECTID': '3579', 'TRANS_ID': '115851', 'PRE_DIR': 'W', 'STREET_NAM': 'ROOSEVELT', 'STREET_TYP': 'RD', 'F_CROSS': '1200 S DAMEN AVE ', 'T_CROSS': '1199 S HOYNE AVE ', 'MIN_ADDR': '2009', 'MAX_ADDR': '2056'}, {'FNODE_ID': '5808', 'TNODE_ID': '21852', 'OBJECTID': '14191', 'TRANS_ID': '114640', 'PRE_DIR': 'W', 'STREET_NAM': 'ROOSEVELT', 'STREET_TYP': 'RD', 'F_CROSS': '1200 S LAFLIN ST ', 'T_CROSS': '1200 S ASHLAND AVE ', 'MIN_ADDR': '1500', 'MAX_ADDR': '1559'}]"

2012,2,"$5,700.00",Beautification,Street Light Pole Painting,ON CONGRESS FROM S MORGAN ST (1000 W) TO E EISENHOWER EXIT RP (1284 W),"['CONGRESS', 'S MORGAN ST']","[{'FNODE_ID': '21355', 'TNODE_ID': '35930', 'OBJECTID': '2528', 'TRANS_ID': '116783', 'PRE_DIR': 'W', 'STREET_NAM': 'CONGRESS', 'STREET_TYP': 'PKWY', 'F_CROSS': '500 S MORGAN ST ', 'T_CROSS': '599 S ABERDEEN ST ', 'MIN_ADDR': '1000', 'MAX_ADDR': '1065'}]"

2012,2,"$1,500.00",Beautification,Street Light Pole Painting,ON 32 FROM DR. MARTIN LUTHER KING JR. DR (358 E) TO S GILES AV (300 E),['S GILES AVE'],[]

2012,2,"$2,400.00",Beautification,Street Light Pole Painting,ON MAYPOLE FROM N OAKLEY BV (2300 W) TO N WESTERN AV (2400 W),"['MAYPOLE', 'N OAKLEY BV', 'N WESTERN AVE']",[]

2012,2,"$1,200.00",Beautification,Street Light Pole Painting,ON S WOOD ST FROM W ROOSEVELT RD (1200 S) TO W TAYLOR ST (1000 S),"['S WOOD ST', 'W ROOSEVELT RD', 'W TAYLOR ST']","[{'FNODE_ID': '5794', 'TNODE_ID': '24103', 'OBJECTID': '44559', 'TRANS_ID': '119185', 'PRE_DIR': 'S', 'STREET_NAM': 'WOOD', 'STREET_TYP': 'ST', 'F_CROSS': '1800 W GRENSHAW ST ', 'T_CROSS': '1800 W ROOSEVELT RD ', 'MIN_ADDR': '1125', 'MAX_ADDR': '1155'}, {'FNODE_ID': '356', 'TNODE_ID': '5770', 'OBJECTID': '54081', 'TRANS_ID': '117946', 'PRE_DIR': 'S', 'STREET_NAM': 'WOOD', 'STREET_TYP': 'ST', 'F_CROSS': '1800 W TAYLOR ST ', 'T_CROSS': '1800 W FILLMORE ST ', 'MIN_ADDR': '1000', 'MAX_ADDR': '1027'}, {'FNODE_ID': '356', 'TNODE_ID': '5770', 'OBJECTID': '54081', 'TRANS_ID': '117946', 'PRE_DIR': 'S', 'STREET_NAM': 'WOOD', 'STREET_TYP': 'ST', 'F_CROSS': '1800 W TAYLOR ST ', 'T_CROSS': '1800 W FILLMORE ST ', 'MIN_ADDR': '1000', 'MAX_ADDR': '1027'}]"

2012,2,"$3,200.00",Lighting,Street Light Upgrade,ON MONROE FROM S MORGAN ST (1000 W) TO S PEORIA ST (900 W),"['MONROE', 'S MORGAN ST', 'S PEORIA ST']","[{'FNODE_ID': '26211', 'TNODE_ID': '4573', 'OBJECTID': '15062', 'TRANS_ID': '116760', 'PRE_DIR': 'W', 'STREET_NAM': 'MONROE', 'STREET_TYP': 'ST', 'F_CROSS': '100 S PEORIA ST ', 'T_CROSS': '100 S SANGAMON ST ', 'MIN_ADDR': '900', 'MAX_ADDR': '925'}, {'FNODE_ID': '26211', 'TNODE_ID': '4573', 'OBJECTID': '15062', 'TRANS_ID': '116760', 'PRE_DIR': 'W', 'STREET_NAM': 'MONROE', 'STREET_TYP': 'ST', 'F_CROSS': '100 S PEORIA ST ', 'T_CROSS': '100 S SANGAMON ST ', 'MIN_ADDR': '900', 'MAX_ADDR': '925'}, {'FNODE_ID': '4573', 'TNODE_ID': '28833', 'OBJECTID': '32606', 'TRANS_ID': '116765', 'PRE_DIR': 'W', 'STREET_NAM': 'MONROE', 'STREET_TYP': 'ST', 'F_CROSS': '100 S SANGAMON ST ', 'T_CROSS': '100 S MORGAN ST ', 'MIN_ADDR': '930', 'MAX_ADDR': '957'}]"

2012,2,"$4,000.00",Lighting,Street Light Upgrade,ON PAULINA FROM W MADISON ST (0 N) TO W JACKSON BV (300 S),"['PAULINA', 'W MADISON ST', 'W JACKSON BV']",[]

2012,2,"$2,400.00",Lighting,Street Light Upgrade,ON S WOLCOTT AVE FROM W GRENSHAW ST (1120 S) TO W ROOSEVELT RD (1200 S),"['S WOLCOTT AVE', 'W GRENSHAW ST', 'W ROOSEVELT RD']","[{'FNODE_ID': '18407', 'TNODE_ID': '6191', 'OBJECTID': '14839', 'TRANS_ID': '114909', 'PRE_DIR': 'S', 'STREET_NAM': 'WOLCOTT', 'STREET_TYP': 'AVE', 'F_CROSS': '1900 W ROOSEVELT RD ', 'T_CROSS': '1900 W WASHBURNE AVE ', 'MIN_ADDR': '1200', 'MAX_ADDR': '1221'}, {'FNODE_ID': '18407', 'TNODE_ID': '6191', 'OBJECTID': '14839', 'TRANS_ID': '114909', 'PRE_DIR': 'S', 'STREET_NAM': 'WOLCOTT', 'STREET_TYP': 'AVE', 'F_CROSS': '1900 W ROOSEVELT RD ', 'T_CROSS': '1900 W WASHBURNE AVE ', 'MIN_ADDR': '1200', 'MAX_ADDR': '1221'}, {'FNODE_ID': '21843', 'TNODE_ID': '5795', 'OBJECTID': '29031', 'TRANS_ID': '147360', 'PRE_DIR': 'S', 'STREET_NAM': 'WOLCOTT', 'STREET_TYP': 'AVE', 'F_CROSS': '  DEAD END  ', 'T_CROSS': '1899 W GRENSHAW ST ', 'MIN_ADDR': '1120', 'MAX_ADDR': '1125'}]"

2012,2,"$1,750.00",Lighting,Street Light Upgrade,ON ADAMS FROM S LEAVITT ST (2200 W) TO S SEELEY AV (2032 W),"['ADAMS', 'S LEAVITT ST', 'S SEELEY AVE']","[{'FNODE_ID': '28839', 'TNODE_ID': '4616', 'OBJECTID': '20593', 'TRANS_ID': '117451', 'PRE_DIR': 'W', 'STREET_NAM': 'ADAMS', 'STREET_TYP': 'ST', 'F_CROSS': '200 S HAMILTON AVE ', 'T_CROSS': '200 S LEAVITT ST ', 'MIN_ADDR': '2132', 'MAX_ADDR': '2159'}, {'FNODE_ID': '33680', 'TNODE_ID': '31969', 'OBJECTID': '23488', 'TRANS_ID': '117439', 'PRE_DIR': 'W', 'STREET_NAM': 'ADAMS', 'STREET_TYP': 'ST', 'F_CROSS': '200 S SEELEY AVE ', 'T_CROSS': '200 S HOYNE AVE ', 'MIN_ADDR': '2032', 'MAX_ADDR': '2059'}, {'FNODE_ID': '33680', 'TNODE_ID': '31969', 'OBJECTID': '23488', 'TRANS_ID': '117439', 'PRE_DIR': 'W', 'STREET_NAM': 'ADAMS', 'STREET_TYP': 'ST', 'F_CROSS': '200 S SEELEY AVE ', 'T_CROSS': '200 S HOYNE AVE ', 'MIN_ADDR': '2032', 'MAX_ADDR': '2059'}]"

2012,2,"$6,000.00",Lighting,Street Light Upgrade,ON ROOSEVELT FROM S LOOMIS ST (1400 W) TO S ASHLAND AV (1600 W),"['ROOSEVELT', 'S LOOMIS ST', 'S ASHLAND AVE']","[{'FNODE_ID': '26583', 'TNODE_ID': '5806', 'OBJECTID': '12277', 'TRANS_ID': '115326', 'PRE_DIR': 'W', 'STREET_NAM': 'ROOSEVELT', 'STREET_TYP': 'RD', 'F_CROSS': '1200 S THROOP ST ', 'T_CROSS': '1200 S LOOMIS ST ', 'MIN_ADDR': '1300', 'MAX_ADDR': '1359'}, {'FNODE_ID': '21852', 'TNODE_ID': '18406', 'OBJECTID': '55672', 'TRANS_ID': '115328', 'PRE_DIR': 'W', 'STREET_NAM': 'ROOSEVELT', 'STREET_TYP': 'RD', 'F_CROSS': '1200 S ASHLAND AVE ', 'T_CROSS': '1200 S PAULINA ST ', 'MIN_ADDR': '1600', 'MAX_ADDR': '1659'}, {'FNODE_ID': '21852', 'TNODE_ID': '18406', 'OBJECTID': '55672', 'TRANS_ID': '115328', 'PRE_DIR': 'W', 'STREET_NAM': 'ROOSEVELT', 'STREET_TYP': 'RD', 'F_CROSS': '1200 S ASHLAND AVE ', 'T_CROSS': '1200 S PAULINA ST ', 'MIN_ADDR': '1600', 'MAX_ADDR': '1659'}]"

2012,2,$350.00,Lighting,Street Light Upgrade,317 S CAMPBELL AVE,['S CAMPBELL AVE'],[]

2012,2,$350.00,Lighting,Street Light Upgrade,201 S ASHLAND AVE,['S ASHLAND AVE'],[]

2012,2,$400.00,Lighting,Street Light Upgrade,ON 11 FROM S STATE ST (0 E) TO S MICHIGAN AV (120 E),"['S STATE ST', 'S MICHIGAN AVE']",[]

2012,2,"$1,200.00",Lighting,Street Light Upgrade,ON POLK FROM S STATE ST (0 E) TO S FINANCIAL PL (146 W),"['POLK', 'S STATE ST', 'S FINANCIAL PL']","[{'FNODE_ID': '28149', 'TNODE_ID': '29459', 'OBJECTID': '24102', 'TRANS_ID': '162989', 'PRE_DIR': 'W', 'STREET_NAM': 'POLK', 'STREET_TYP': 'ST', 'F_CROSS': '799 S FINANCIAL PL ', 'T_CROSS': '800 S FINANCIAL PL ', 'MIN_ADDR': '155', 'MAX_ADDR': '168'}, {'FNODE_ID': '28149', 'TNODE_ID': '29459', 'OBJECTID': '24102', 'TRANS_ID': '162989', 'PRE_DIR': 'W', 'STREET_NAM': 'POLK', 'STREET_TYP': 'ST', 'F_CROSS': '799 S FINANCIAL PL ', 'T_CROSS': '800 S FINANCIAL PL ', 'MIN_ADDR': '155', 'MAX_ADDR': '168'}, {'FNODE_ID': '29459', 'TNODE_ID': '37840', 'OBJECTID': '67633', 'TRANS_ID': '164584', 'PRE_DIR': 'W', 'STREET_NAM': 'POLK', 'STREET_TYP': 'ST', 'F_CROSS': '800 S FINANCIAL PL ', 'T_CROSS': '178 W   ', 'MIN_ADDR': '169', 'MAX_ADDR': '176'}, {'FNODE_ID': '29459', 'TNODE_ID': '37840', 'OBJECTID': '67633', 'TRANS_ID': '164584', 'PRE_DIR': 'W', 'STREET_NAM': 'POLK', 'STREET_TYP': 'ST', 'F_CROSS': '800 S FINANCIAL PL ', 'T_CROSS': '178 W   ', 'MIN_ADDR': '169', 'MAX_ADDR': '176'}]"

2012,2,"$2,400.00",Lighting,Street Light Upgrade,ON S HOYNE AVE FROM W CONGRESS PW (500 S) TO W HARRISON ST (600 S),"['S HOYNE AVE', 'W CONGRESS PW', 'W HARRISON ST']","[{'FNODE_ID': '52', 'TNODE_ID': '17838', 'OBJECTID': '46621', 'TRANS_ID': '117444', 'PRE_DIR': 'S', 'STREET_NAM': 'HOYNE', 'STREET_TYP': 'AVE', 'F_CROSS': '2100 W HARRISON ST ', 'T_CROSS': '2100 W FLOURNOY ST ', 'MIN_ADDR': '600', 'MAX_ADDR': '623'}, {'FNODE_ID': '52', 'TNODE_ID': '17838', 'OBJECTID': '46621', 'TRANS_ID': '117444', 'PRE_DIR': 'S', 'STREET_NAM': 'HOYNE', 'STREET_TYP': 'AVE', 'F_CROSS': '2100 W HARRISON ST ', 'T_CROSS': '2100 W FLOURNOY ST ', 'MIN_ADDR': '600', 'MAX_ADDR': '623'}]"

2012,2,"$4,400.00",Lighting,Street Light Upgrade,ON PAULINA FROM W HARRISON ST (600 S) TO W POLK ST (800 S),"['PAULINA', 'W HARRISON ST', 'W POLK ST']","[{'FNODE_ID': '8287', 'TNODE_ID': '17526', 'OBJECTID': '2428', 'TRANS_ID': '145397', 'PRE_DIR': 'S', 'STREET_NAM': 'PAULINA', 'STREET_TYP': 'ST', 'F_CROSS': '1700 W POLK ST ', 'T_CROSS': '901 S   ', 'MIN_ADDR': '800', 'MAX_ADDR': '840'}, {'FNODE_ID': '8287', 'TNODE_ID': '17526', 'OBJECTID': '2428', 'TRANS_ID': '145397', 'PRE_DIR': 'S', 'STREET_NAM': 'PAULINA', 'STREET_TYP': 'ST', 'F_CROSS': '1700 W POLK ST ', 'T_CROSS': '901 S   ', 'MIN_ADDR': '800', 'MAX_ADDR': '840'}, {'FNODE_ID': '24009', 'TNODE_ID': '2120', 'OBJECTID': '32076', 'TRANS_ID': '154526', 'PRE_DIR': 'S', 'STREET_NAM': 'PAULINA', 'STREET_TYP': 'ST', 'F_CROSS': '1700 W CONGRESS PKWY ', 'T_CROSS': '1700 W HARRISON ST ', 'MIN_ADDR': '500', 'MAX_ADDR': '559'}]"

